,GW
0,0.5915664212581
1,-0.945801646981682
2,-1.76573128337623
3,-0.382100021960429
4,-1.048292851531
5,-1.20202965835498
6,-2.07320489702419
7,-0.792064840157705
8,0.181601603060824
9,0.642812023532761
10,-1.048292851531
11,-1.09953845380566
12,-0.740819237883044
13,-0.0233808060378135
14,0.130356000786166
15,-0.535836828784406
16,-0.894556044707023
17,-0.330854419685768
18,-0.125872010587132
19,-0.484591226509748
20,-0.894556044707023
21,-0.0233808060378135
22,-0.740819237883044
23,-0.125872010587132
24,-0.740819237883044
25,-0.587082431059067
26,-0.792064840157705
27,1.92395208039925
28,-0.792064840157705
29,-0.740819237883044
30,-0.433345624235087
31,0.130356000786166
32,-0.945801646981682
33,0.437829614434123
34,0.0791103985115055
35,0.0278647962368471
36,-0.689573635608386
37,0.899040034906057
38,1.15526804627935
39,2.18018009177254
40,1.87270647812459
41,-0.382100021960429
42,-0.0233808060378135
43,1.66772406902595
44,0.0791103985115055
45,0.0791103985115055
46,1.25775925082867
47,0.950285637180718
48,0.540320818983442
49,-0.177117612861791
50,1.92395208039925
51,2.02644328494857
52,0.386584012159462
53,1.82146087584993
54,0.796548830356738
55,0.74530322808208
56,0.642812023532761
57,-0.330854419685768
58,-0.0746264083124718
59,-0.587082431059067
60,1.87270647812459
61,1.30900485310333
62,1.46274165992731
63,-0.689573635608386
64,-0.638328033333725
65,-0.27960881741111
66,-0.330854419685768
67,-0.330854419685768
68,-1.3045208629043
69,0.5915664212581
70,-1.048292851531
71,-0.228363215136451
72,0.0791103985115055
73,1.87270647812459
74,-0.843310442432363
75,0.642812023532761
76,0.796548830356738
77,0.181601603060824
78,-1.20202965835498
79,0.694057625807419
80,3.10260093271641
81,-0.689573635608386
82,-1.09953845380566
83,-0.945801646981682
84,0.489075216708781
85,1.05277684173003
86,0.181601603060824
87,0.5915664212581
88,1.97519768267391
89,0.232847205335485
90,0.232847205335485
91,0.335338409884804
92,1.82146087584993
93,0.796548830356738
94,1.20651364855401
95,-0.0233808060378135
96,0.232847205335485
97,0.5915664212581
98,2.59014490996982
99,1.30900485310333
100,-2.38067851067215
101,-0.228363215136451
102,0.694057625807419
103,0.0791103985115055
104,0.0278647962368471
105,0.181601603060824
106,0.0791103985115055
107,0.5915664212581
108,0.950285637180718
109,-0.484591226509748
110,1.71896967130061
111,-1.09953845380566
112,1.05277684173003
113,0.0791103985115055
114,0.796548830356738
115,0.489075216708781
116,-0.228363215136451
117,-0.125872010587132
118,-0.740819237883044
119,0.489075216708781
120,-1.25327526062964
121,1.15526804627935
122,-0.330854419685768
123,0.0278647962368471
124,-1.25327526062964
125,0.489075216708781
126,0.335338409884804
127,-1.45825766972828
128,3.20509213726573
129,-0.843310442432363
130,1.36025045537799
131,-0.125872010587132
132,0.5915664212581
133,-1.048292851531
134,-0.945801646981682
135,0.489075216708781
136,-1.35576646517896
137,0.540320818983442
138,0.284092807610143
139,-0.535836828784406
140,-0.843310442432363
141,-0.792064840157705
142,0.694057625807419
143,1.20651364855401
144,0.899040034906057
145,0.642812023532761
146,-0.792064840157705
147,0.0278647962368471
148,0.130356000786166
149,-0.894556044707023
150,-1.09953845380566
151,0.489075216708781
152,1.82146087584993
153,2.12893448949788
154,0.5915664212581
155,-0.0233808060378135
156,1.87270647812459
157,-1.15078405608032
158,0.950285637180718
159,0.0278647962368471
160,0.540320818983442
161,-0.433345624235087
162,2.12893448949788
163,2.18018009177254
164,1.36025045537799
165,1.77021527357527
166,-0.535836828784406
167,-0.382100021960429
168,0.284092807610143
169,0.232847205335485
170,1.30900485310333
171,0.950285637180718
172,-0.125872010587132
173,1.05277684173003
174,0.540320818983442
175,0.232847205335485
176,-0.177117612861791
177,-0.330854419685768
178,-0.792064840157705
179,-1.15078405608032
180,0.181601603060824
181,-0.535836828784406
182,2.12893448949788
183,-1.76573128337623
184,-2.63690652204544
185,-0.382100021960429
186,-1.09953845380566
187,-1.15078405608032
188,-0.330854419685768
189,0.899040034906057
190,2.18018009177254
191,2.71825891565647
192,0.5915664212581
193,-1.81697688565089
194,2.53889930769516
195,1.87270647812459
196,1.30900485310333
197,0.847794432631399
198,0.232847205335485
199,1.51398726220197
200,-0.484591226509748
201,-0.792064840157705
202,-0.125872010587132
203,-1.71448568110157
204,0.0278647962368471
205,-1.5607488742776
206,2.94886412589243
207,-0.330854419685768
208,-0.27960881741111
209,0.284092807610143
210,1.51398726220197
211,-1.86822248792555
212,-0.587082431059067
213,-0.0746264083124718
214,-0.433345624235087
215,-0.382100021960429
216,-1.61199447655225
217,-0.0746264083124718
218,-0.0233808060378135
219,0.899040034906057
220,0.284092807610143
221,0.386584012159462
222,0.950285637180718
223,-0.484591226509748
224,-0.587082431059067
225,0.0791103985115055
226,-0.177117612861791
227,-1.91946809020021
228,-0.433345624235087
229,-1.15078405608032
230,-1.35576646517896
231,-0.894556044707023
232,1.41149605765265
233,1.25775925082867
234,1.71896967130061
235,0.642812023532761
236,-0.177117612861791
237,0.437829614434123
238,-0.433345624235087
239,0.181601603060824
240,-0.484591226509748
241,-0.997047249256342
242,-0.638328033333725
243,0.232847205335485
244,0.130356000786166
245,-0.382100021960429
246,-0.125872010587132
247,-1.35576646517896
248,0.181601603060824
249,1.97519768267391
250,0.899040034906057
251,0.540320818983442
252,-1.048292851531
253,0.284092807610143
254,0.0791103985115055
255,-0.382100021960429
256,0.74530322808208
257,-0.330854419685768
258,1.30900485310333
259,1.87270647812459
260,1.41149605765265
261,0.0278647962368471
262,-1.35576646517896
263,-1.3045208629043
264,1.20651364855401
265,1.05277684173003
266,1.41149605765265
267,0.74530322808208
268,0.642812023532761
269,0.74530322808208
270,-0.0746264083124718
271,2.18018009177254
272,0.74530322808208
273,-0.330854419685768
274,-0.228363215136451
275,0.796548830356738
276,-0.125872010587132
277,0.694057625807419
278,1.25775925082867
279,-0.484591226509748
280,-0.0233808060378135
281,1.51398726220197
282,-0.177117612861791
283,0.694057625807419
284,-0.433345624235087
285,-0.27960881741111
286,0.694057625807419
287,-0.27960881741111
288,0.950285637180718
289,0.130356000786166
290,-1.66324007882691
291,-1.048292851531
292,-0.177117612861791
293,-0.740819237883044
294,1.15526804627935
295,-0.125872010587132
296,-0.740819237883044
297,-0.27960881741111
298,0.642812023532761
299,-0.177117612861791
300,-1.45825766972828
301,-0.382100021960429
302,-0.792064840157705
303,-1.61199447655225
304,-0.689573635608386
305,-0.843310442432363
306,-1.09953845380566
307,-0.177117612861791
308,-0.382100021960429
309,-1.40701206745362
310,-0.27960881741111
311,-0.330854419685768
312,-0.382100021960429
313,-0.945801646981682
314,0.284092807610143
315,-0.638328033333725
316,-0.330854419685768
317,-0.535836828784406
318,0.130356000786166
319,-0.177117612861791
320,0.386584012159462
321,2.33391689859652
322,1.92395208039925
323,1.71896967130061
324,0.386584012159462
325,-0.945801646981682
326,-0.997047249256342
327,1.41149605765265
328,0.0791103985115055
329,0.284092807610143
330,0.181601603060824
331,0.335338409884804
332,-0.125872010587132
333,-0.894556044707023
334,-0.228363215136451
335,-0.125872010587132
336,-0.945801646981682
337,-0.792064840157705
338,1.30900485310333
339,-0.792064840157705
340,-0.0233808060378135
341,-0.740819237883044
342,-1.86822248792555
343,-0.535836828784406
344,-1.15078405608032
345,-0.997047249256342
346,-0.638328033333725
347,-1.048292851531
348,-2.38067851067215
349,-2.38067851067215
350,-2.12445049929885
351,-1.15078405608032
352,-1.048292851531
353,0.5915664212581
354,-0.177117612861791
355,1.41149605765265
356,0.232847205335485
357,-0.792064840157705
358,1.05277684173003
359,0.74530322808208
360,1.66772406902595
361,1.05277684173003
362,1.46274165992731
363,0.540320818983442
364,1.71896967130061
365,1.36025045537799
366,1.77021527357527
367,1.77021527357527
368,2.2314256940472
369,0.5915664212581
370,0.74530322808208
371,-2.32943290839749
372,0.74530322808208
373,-0.228363215136451
374,0.847794432631399
375,0.335338409884804
376,-0.484591226509748
377,0.694057625807419
378,-1.66324007882691
379,0.847794432631399
380,0.489075216708781
381,1.00153123945538
382,0.694057625807419
383,1.61647846675129
384,2.2314256940472
385,1.51398726220197
386,1.92395208039925
387,2.07768888722322
388,-1.3045208629043
389,-0.0233808060378135
390,1.92395208039925
391,2.59014490996982
392,-0.792064840157705
393,0.130356000786166
394,1.71896967130061
395,1.00153123945538
396,1.00153123945538
397,-0.587082431059067
398,-1.25327526062964
399,-0.894556044707023
400,2.43640810314584
401,0.796548830356738
402,0.437829614434123
403,1.20651364855401
404,0.0791103985115055
405,0.847794432631399
406,-1.048292851531
407,-1.20202965835498
408,0.540320818983442
409,0.847794432631399
410,-1.048292851531
411,-1.09953845380566
412,-0.228363215136451
413,-0.125872010587132
414,-0.843310442432363
415,-0.689573635608386
416,-1.76573128337623
417,-0.638328033333725
418,-0.0746264083124718
419,-2.02195929474953
420,-1.20202965835498
421,-0.125872010587132
422,-0.484591226509748
423,-0.330854419685768
424,1.36025045537799
425,-0.945801646981682
426,-0.228363215136451
427,-0.228363215136451
428,-1.97071369247487
429,-0.484591226509748
430,-1.91946809020021
431,1.20651364855401
432,-0.0233808060378135
433,0.489075216708781
434,-0.433345624235087
435,-0.689573635608386
436,-2.27818730612283
437,-0.843310442432363
438,0.642812023532761
439,-0.689573635608386
440,-0.433345624235087
441,-0.0746264083124718
442,0.0278647962368471
443,-0.228363215136451
444,0.950285637180718
445,0.74530322808208
446,1.05277684173003
447,0.232847205335485
448,0.181601603060824
449,-0.0233808060378135
450,1.25775925082867
451,-0.177117612861791
452,0.130356000786166
453,-0.433345624235087
454,-0.638328033333725
455,-0.484591226509748
456,1.15526804627935
457,-0.433345624235087
458,1.71896967130061
459,0.437829614434123
460,1.30900485310333
461,-0.843310442432363
462,-0.484591226509748
463,1.71896967130061
464,-0.228363215136451
465,-1.048292851531
466,1.51398726220197
467,-0.27960881741111
468,0.540320818983442
469,-0.997047249256342
470,1.05277684173003
471,0.437829614434123
472,1.71896967130061
473,-0.330854419685768
474,-1.3045208629043
475,-0.27960881741111
476,-0.740819237883044
477,0.181601603060824
478,-0.382100021960429
479,0.232847205335485
480,2.18018009177254
481,-0.382100021960429
482,1.71896967130061
483,0.642812023532761
484,1.51398726220197
485,-1.61199447655225
486,-0.638328033333725
487,0.0278647962368471
488,-0.894556044707023
489,0.796548830356738
490,1.66772406902595
491,0.489075216708781
492,-0.945801646981682
493,-1.50950327200294
494,-0.228363215136451
495,-0.330854419685768
496,0.0278647962368471
497,-0.792064840157705
498,-0.0233808060378135
499,0.386584012159462
500,0.0278647962368471
501,-0.792064840157705
502,-0.689573635608386
503,-0.689573635608386
504,-0.843310442432363
505,0.0278647962368471
506,-0.330854419685768
507,0.642812023532761
508,0.0791103985115055
509,-0.330854419685768
510,-1.048292851531
511,-1.5607488742776
512,-0.0746264083124718
513,-0.484591226509748
514,-0.792064840157705
515,1.66772406902595
516,-0.484591226509748
517,0.540320818983442
518,0.335338409884804
519,0.335338409884804
520,-0.228363215136451
521,-1.91946809020021
522,-0.894556044707023
523,-0.433345624235087
524,-1.09953845380566
525,0.847794432631399
526,-0.382100021960429
527,-0.125872010587132
528,-1.76573128337623
529,-1.86822248792555
530,-0.792064840157705
531,-0.894556044707023
532,-0.843310442432363
533,-0.433345624235087
534,-1.71448568110157
535,-0.27960881741111
536,-0.330854419685768
537,0.386584012159462
538,-0.894556044707023
539,-0.0233808060378135
540,1.66772406902595
541,1.77021527357527
542,-1.81697688565089
543,-0.792064840157705
544,0.284092807610143
545,-1.81697688565089
546,-0.638328033333725
547,-2.07320489702419
548,-0.0233808060378135
549,-0.125872010587132
550,0.642812023532761
551,0.0791103985115055
552,0.694057625807419
553,-1.86822248792555
554,1.87270647812459
555,-1.15078405608032
556,-0.484591226509748
557,0.181601603060824
558,-0.792064840157705
559,-1.45825766972828
560,1.20651364855401
561,0.0278647962368471
562,-0.535836828784406
563,-0.740819237883044
564,0.232847205335485
565,-0.0233808060378135
566,2.02644328494857
567,2.4876537054205
568,0.847794432631399
569,-1.50950327200294
570,-1.09953845380566
571,-0.177117612861791
572,0.0791103985115055
573,-0.945801646981682
574,-0.587082431059067
575,-1.15078405608032
576,0.284092807610143
577,2.43640810314584
578,-0.638328033333725
579,0.335338409884804
580,-0.0746264083124718
581,1.20651364855401
582,-1.20202965835498
583,-1.25327526062964
584,1.71896967130061
585,-0.792064840157705
586,-1.40701206745362
587,-0.945801646981682
588,-0.177117612861791
589,-0.740819237883044
590,-0.638328033333725
591,-0.792064840157705
592,-1.048292851531
593,-0.228363215136451
594,-0.433345624235087
595,-0.433345624235087
596,-0.894556044707023
597,-0.587082431059067
598,-1.048292851531
599,-1.09953845380566
600,-1.50950327200294
601,-1.35576646517896
602,-1.3045208629043
603,-0.740819237883044
604,-1.048292851531
605,-1.45825766972828
606,-1.20202965835498
607,0.386584012159462
608,-1.40701206745362
609,-0.740819237883044
610,-1.15078405608032
611,-1.09953845380566
612,-2.07320489702419
613,-0.638328033333725
614,-0.27960881741111
615,-0.535836828784406
616,-0.894556044707023
617,0.0278647962368471
618,-0.740819237883044
619,-0.843310442432363
620,-0.894556044707023
621,-1.048292851531
622,-0.587082431059067
623,-0.27960881741111
624,-1.09953845380566
625,-2.02195929474953
626,-0.484591226509748
627,-0.740819237883044
628,-0.792064840157705
629,-0.125872010587132
630,-1.5607488742776
631,-1.048292851531
632,-0.843310442432363
633,-0.535836828784406
634,-1.3045208629043
635,-0.433345624235087
636,-1.35576646517896
637,-0.228363215136451
638,-0.0233808060378135
639,-0.382100021960429
640,-1.09953845380566
641,-1.048292851531
642,-1.15078405608032
643,-0.843310442432363
644,-0.484591226509748
645,-1.20202965835498
646,-0.894556044707023
647,-0.330854419685768
648,-0.792064840157705
649,-0.689573635608386
650,-0.945801646981682
651,-0.177117612861791
652,-1.20202965835498
653,-0.177117612861791
654,-0.330854419685768
655,-0.894556044707023
656,-1.15078405608032
657,-0.484591226509748
658,-0.0233808060378135
659,-0.792064840157705
660,-0.740819237883044
661,-0.535836828784406
662,-1.35576646517896
663,-0.125872010587132
664,-1.3045208629043
665,0.284092807610143
666,-1.45825766972828
667,-1.25327526062964
668,-1.25327526062964
669,-0.587082431059067
670,0.437829614434123
671,-0.997047249256342
672,-1.61199447655225
673,-0.894556044707023
674,-0.945801646981682
675,-1.048292851531
676,-1.15078405608032
677,-0.535836828784406
678,0.0791103985115055
679,-0.125872010587132
680,-0.535836828784406
681,0.181601603060824
682,-0.997047249256342
683,-0.484591226509748
684,0.130356000786166
685,-0.638328033333725
686,-1.25327526062964
687,-0.894556044707023
688,-0.740819237883044
689,1.05277684173003
690,-0.689573635608386
691,-1.45825766972828
692,-0.433345624235087
693,0.0278647962368471
694,-0.689573635608386
695,-0.587082431059067
696,-1.35576646517896
697,-1.61199447655225
698,-0.382100021960429
699,-0.330854419685768
700,-0.484591226509748
701,-0.535836828784406
702,-0.740819237883044
703,-0.945801646981682
704,-0.382100021960429
705,-1.40701206745362
706,-1.25327526062964
707,-0.228363215136451
708,-1.5607488742776
709,-0.330854419685768
710,0.437829614434123
711,-0.535836828784406
712,0.335338409884804
713,-1.81697688565089
714,-1.3045208629043
715,-0.535836828784406
716,0.181601603060824
717,-1.5607488742776
718,-1.09953845380566
719,-1.5607488742776
720,-0.894556044707023
721,-0.638328033333725
722,-1.25327526062964
723,-1.40701206745362
724,0.0791103985115055
725,-0.587082431059067
726,-0.535836828784406
727,-1.15078405608032
728,-1.15078405608032
729,-1.15078405608032
730,-0.689573635608386
731,-0.689573635608386
732,0.74530322808208
733,0.642812023532761
734,-0.843310442432363
735,-0.740819237883044
736,-0.945801646981682
737,-1.61199447655225
738,-1.048292851531
739,0.181601603060824
740,-1.86822248792555
741,-0.740819237883044
742,-0.433345624235087
743,-0.587082431059067
744,-1.50950327200294
745,-0.433345624235087
746,0.0791103985115055
747,-0.843310442432363
748,-0.843310442432363
749,-1.71448568110157
750,-0.792064840157705
751,-0.433345624235087
752,-0.433345624235087
753,-1.048292851531
754,-0.0746264083124718
755,-0.0233808060378135
756,-0.740819237883044
757,-1.09953845380566
758,-1.45825766972828
759,-0.330854419685768
760,0.181601603060824
761,-1.25327526062964
762,-0.997047249256342
763,-0.638328033333725
764,-3.81555537436261
765,-1.09953845380566
766,-0.330854419685768
767,-0.433345624235087
768,-1.91946809020021
769,-0.484591226509748
770,-1.45825766972828
771,-0.689573635608386
772,-0.382100021960429
773,-1.09953845380566
774,-1.09953845380566
775,-0.997047249256342
776,-0.433345624235087
777,0.284092807610143
778,-0.484591226509748
779,-1.35576646517896
780,-0.27960881741111
781,-1.09953845380566
782,2.18018009177254
783,0.899040034906057
784,-0.27960881741111
785,-0.535836828784406
786,-0.330854419685768
787,-0.125872010587132
788,-1.09953845380566
789,-0.0746264083124718
790,-0.587082431059067
791,-1.91946809020021
792,0.335338409884804
793,0.489075216708781
794,0.565943620120771
795,-0.484591226509748
796,0.642812023532761
797,-1.81697688565089
798,-0.689573635608386
799,0.284092807610143
800,-0.0746264083124718
801,1.89832927926192
802,0.489075216708781
803,0.130356000786166
804,-0.177117612861791
805,-0.792064840157705
806,-0.535836828784406
807,0.694057625807419
808,-0.484591226509748
809,-0.228363215136451
810,-0.0746264083124718
811,-0.330854419685768
812,-1.61199447655225
813,-0.894556044707023
814,-0.27960881741111
815,0.386584012159462
816,0.0791103985115055
817,0.0278647962368471
818,-0.792064840157705
819,0.232847205335485
820,-1.35576646517896
821,-0.228363215136451
822,-0.27960881741111
823,-0.740819237883044
824,-0.228363215136451
825,-0.740819237883044
826,-1.25327526062964
827,0.284092807610143
828,-0.228363215136451
829,-0.843310442432363
830,-0.330854419685768
831,2.15455729063521
832,0.181601603060824
833,-0.27960881741111
834,0.0278647962368471
835,0.130356000786166
836,0.284092807610143
837,-0.27960881741111
838,-0.689573635608386
839,-0.0233808060378135
840,-0.0746264083124718
841,-0.638328033333725
842,0.437829614434123
843,0.130356000786166
844,-0.587082431059067
845,-0.228363215136451
846,0.694057625807419
847,-0.484591226509748
848,-1.61199447655225
849,0.0791103985115055
850,-0.638328033333725
851,0.0278647962368471
852,-0.228363215136451
853,0.181601603060824
854,-0.0233808060378135
855,0.0791103985115055
856,-0.587082431059067
857,0.284092807610143
858,0.181601603060824
859,-0.125872010587132
860,-0.484591226509748
861,0.694057625807419
862,-0.0233808060378135
863,-0.125872010587132
864,0.74530322808208
865,1.1040224440047
866,0.74530322808208
867,-0.740819237883044
868,1.05277684173003
869,-0.945801646981682
870,-0.740819237883044
871,-0.125872010587132
872,-1.81697688565089
873,-0.228363215136451
874,-0.0233808060378135
875,-0.228363215136451
876,-0.177117612861791
877,-0.535836828784406
878,0.0791103985115055
879,-0.0746264083124718
880,-0.330854419685768
881,-0.228363215136451
882,-0.382100021960429
883,-0.843310442432363
884,-0.587082431059067
885,-0.689573635608386
886,-0.228363215136451
887,-0.433345624235087
888,0.181601603060824
889,-0.535836828784406
890,-0.433345624235087
891,-0.433345624235087
892,-0.433345624235087
893,-1.5607488742776
894,-1.71448568110157
895,0.181601603060824
896,-0.228363215136451
897,-0.535836828784406
898,0.130356000786166
899,0.130356000786166
900,0.796548830356738
901,-0.843310442432363
902,-0.27960881741111
903,-0.0233808060378135
904,0.232847205335485
905,-0.177117612861791
906,-1.09953845380566
907,-1.5607488742776
908,-1.15078405608032
909,-0.997047249256342
910,-1.61199447655225
911,-1.048292851531
912,-1.45825766972828
913,-0.330854419685768
914,0.130356000786166
915,0.899040034906057
916,-2.22694170384817
917,0.437829614434123
918,0.540320818983442
919,-1.40701206745362
920,0.5915664212581
921,0.899040034906057
922,-1.09953845380566
923,-0.587082431059067
924,-1.5607488742776
925,-0.535836828784406
926,-1.81697688565089
927,-0.382100021960429
928,-0.433345624235087
929,0.130356000786166
930,0.386584012159462
931,-1.09953845380566
932,-0.997047249256342
933,0.540320818983442
934,-0.945801646981682
935,0.130356000786166
936,0.335338409884804
937,-0.125872010587132
938,-0.330854419685768
939,0.386584012159462
940,-2.32943290839749
941,0.489075216708781
942,-0.484591226509748
943,-2.07320489702419
944,-1.76573128337623
945,1.97519768267391
946,-1.91946809020021
947,0.0278647962368471
948,0.74530322808208
949,-1.40701206745362
950,-0.740819237883044
951,-0.843310442432363
952,-1.5607488742776
953,-0.382100021960429
954,-0.433345624235087
955,0.386584012159462
956,0.130356000786166
957,-0.125872010587132
958,-0.997047249256342
959,-0.843310442432363
960,0.0791103985115055
961,-0.382100021960429
962,-0.587082431059067
963,-0.433345624235087
964,-0.997047249256342
965,-1.5607488742776
966,-1.50950327200294
967,0.437829614434123
968,-0.0233808060378135
969,-0.330854419685768
970,-0.433345624235087
971,-1.61199447655225
972,0.796548830356738
973,-0.740819237883044
974,0.335338409884804
975,0.0791103985115055
976,-0.330854419685768
977,0.899040034906057
978,0.540320818983442
979,0.130356000786166
980,-0.740819237883044
981,-0.125872010587132
982,0.0278647962368471
983,-0.433345624235087
984,-0.0746264083124718
985,-0.894556044707023
986,-0.433345624235087
987,-0.0746264083124718
988,-0.484591226509748
989,0.335338409884804
990,0.463452415571452
991,-0.228363215136451
992,-0.0233808060378135
993,-0.843310442432363
994,-1.20202965835498
995,-0.689573635608386
996,-0.740819237883044
997,-0.27960881741111
998,-0.382100021960429
999,-0.330854419685768
1000,-0.792064840157705
1001,-0.177117612861791
1002,-0.228363215136451
1003,-1.048292851531
1004,-0.177117612861791
1005,-0.177117612861791
1006,1.20651364855401
1007,-1.048292851531
1008,-0.638328033333725
1009,-0.177117612861791
1010,-0.484591226509748
1011,0.181601603060824
1012,-0.587082431059067
1013,0.694057625807419
1014,-0.535836828784406
1015,1.71896967130061
1016,-0.689573635608386
1017,-0.228363215136451
1018,0.74530322808208
1019,0.0278647962368471
1020,-1.3045208629043
1021,0.899040034906057
1022,1.87270647812459
1023,0.232847205335485
1024,-0.0746264083124718
1025,-1.5607488742776
1026,-1.86822248792555
1027,-0.587082431059067
1028,-1.76573128337623
1029,-1.09953845380566
1030,-1.35576646517896
1031,-0.330854419685768
1032,-1.45825766972828
1033,-0.587082431059067
1034,-2.22694170384817
1035,0.130356000786166
1036,0.181601603060824
1037,2.02644328494857
1038,-0.0746264083124718
1039,-1.20202965835498
1040,1.25775925082867
1041,-0.382100021960429
1042,0.335338409884804
1043,-0.535836828784406
1044,-0.535836828784406
1045,1.15526804627935
1046,-0.177117612861791
1047,0.694057625807419
1048,0.540320818983442
1049,1.46274165992731
1050,0.51469801784611
1051,-2.32943290839749
1052,1.20651364855401
1053,1.66772406902595
1054,0.181601603060824
1055,-0.843310442432363
1056,-0.740819237883044
1057,-1.20202965835498
1058,-0.638328033333725
1059,0.181601603060824
1060,-0.0233808060378135
1061,0.335338409884804
1062,0.899040034906057
1063,0.489075216708781
1064,2.18018009177254
1065,-0.433345624235087
1066,0.5915664212581
1067,0.74530322808208
1068,0.5915664212581
1069,2.07768888722322
1070,0.694057625807419
1071,1.46274165992731
1072,1.20651364855401
1073,1.92395208039925
1074,0.74530322808208
1075,-0.382100021960429
1076,-0.27960881741111
1077,-0.382100021960429
1078,1.15526804627935
1079,0.0278647962368471
1080,1.87270647812459
1081,0.284092807610143
1082,-0.484591226509748
1083,-1.25327526062964
1084,-0.177117612861791
1085,0.130356000786166
1086,0.0791103985115055
1087,-1.09953845380566
1088,-0.740819237883044
1089,-1.17640685721765
1090,-0.740819237883044
1091,-1.09953845380566
1092,1.25775925082867
1093,1.15526804627935
1094,-0.0233808060378135
1095,1.61647846675129
1096,-0.689573635608386
1097,-0.792064840157705
1098,-1.97071369247487
1099,-0.0233808060378135
1100,-0.27960881741111
1101,-0.843310442432363
1102,-0.177117612861791
1103,-1.15078405608032
1104,-0.792064840157705
1105,1.87270647812459
1106,0.489075216708781
1107,0.335338409884804
1108,0.181601603060824
1109,-1.81697688565089
1110,-0.638328033333725
1111,-0.535836828784406
1112,-1.20202965835498
1113,-1.45825766972828
1114,-1.50950327200294
1115,-0.740819237883044
1116,0.335338409884804
1117,-0.894556044707023
1118,-1.09953845380566
1119,-0.0746264083124718
1120,-0.0233808060378135
1121,-0.27960881741111
1122,0.0791103985115055
1123,0.796548830356738
1124,-0.27960881741111
1125,0.540320818983442
1126,-1.45825766972828
1127,-0.638328033333725
1128,1.15526804627935
1129,0.899040034906057
1130,-0.177117612861791
1131,0.232847205335485
1132,-1.048292851531
1133,0.181601603060824
1134,0.694057625807419
1135,-0.228363215136451
1136,0.386584012159462
1137,0.386584012159462
1138,0.899040034906057
1139,-0.792064840157705
1140,0.437829614434123
1141,0.694057625807419
1142,1.00153123945538
1143,0.796548830356738
1144,1.30900485310333
1145,0.335338409884804
1146,-1.15078405608032
1147,0.437829614434123
1148,0.899040034906057
1149,0.847794432631399
1150,-0.0746264083124718
1151,0.642812023532761
1152,0.489075216708781
1153,0.181601603060824
1154,-1.09953845380566
1155,-0.945801646981682
1156,0.796548830356738
1157,1.71896967130061
1158,0.0791103985115055
1159,0.437829614434123
1160,1.71896967130061
1161,1.71896967130061
1162,-0.587082431059067
1163,-1.91946809020021
1164,-0.535836828784406
1165,0.335338409884804
1166,1.87270647812459
1167,0.5915664212581
1168,2.18018009177254
1169,1.89832927926192
1170,1.66772406902595
1171,1.61647846675129
1172,1.51398726220197
1173,-0.0233808060378135
1174,1.46274165992731
1175,-1.09953845380566
1176,-1.048292851531
1177,1.05277684173003
1178,-0.0233808060378135
1179,1.20651364855401
1180,-0.125872010587132
1181,0.437829614434123
1182,-0.330854419685768
1183,1.1040224440047
1184,1.56523286447663
1185,-0.330854419685768
1186,0.284092807610143
1187,-0.0746264083124718
1188,-0.484591226509748
1189,-0.433345624235087
1190,-0.330854419685768
1191,-0.894556044707023
1192,-0.0233808060378135
1193,-0.638328033333725
1194,-0.535836828784406
1195,0.130356000786166
1196,-0.330854419685768
1197,-0.330854419685768
1198,0.540320818983442
1199,-1.15078405608032
1200,0.437829614434123
1201,0.0278647962368471
1202,1.15526804627935
1203,-0.740819237883044
1204,1.41149605765265
1205,0.130356000786166
1206,-0.0746264083124718
1207,-0.587082431059067
1208,0.950285637180718
1209,-0.330854419685768
1210,-1.25327526062964
1211,1.05277684173003
1212,-0.484591226509748
1213,0.796548830356738
1214,-1.15078405608032
1215,0.386584012159462
1216,-0.535836828784406
1217,0.232847205335485
1218,-0.0746264083124718
1219,0.899040034906057
1220,0.130356000786166
1221,0.540320818983442
1222,-0.177117612861791
1223,-0.587082431059067
1224,-0.740819237883044
1225,-2.02195929474953
1226,-0.817687641295034
1227,0.284092807610143
1228,0.232847205335485
1229,-0.535836828784406
1230,-0.945801646981682
1231,-0.894556044707023
1232,0.284092807610143
1233,-0.740819237883044
1234,-0.843310442432363
1235,-0.638328033333725
1236,0.232847205335485
1237,-0.484591226509748
1238,-0.228363215136451
1239,-0.894556044707023
1240,-0.382100021960429
1241,-1.50950327200294
1242,-0.638328033333725
1243,-0.27960881741111
1244,0.847794432631399
1245,-0.689573635608386
1246,-1.35576646517896
1247,-1.15078405608032
1248,1.41149605765265
1249,-1.45825766972828
1250,0.437829614434123
1251,0.437829614434123
1252,-0.843310442432363
1253,-0.228363215136451
1254,0.694057625807419
1255,-0.330854419685768
1256,-0.228363215136451
1257,-0.561459629921737
1258,-1.61199447655225
1259,0.437829614434123
1260,0.796548830356738
1261,-0.689573635608386
1262,0.437829614434123
1263,-0.177117612861791
1264,0.540320818983442
1265,-0.382100021960429
1266,0.232847205335485
1267,-0.0490036071751427
1268,0.694057625807419
1269,2.15455729063521
1270,0.847794432631399
1271,1.05277684173003
1272,0.181601603060824
1273,1.36025045537799
1274,1.00153123945538
1275,1.56523286447663
1276,1.30900485310333
1277,1.51398726220197
1278,1.97519768267391
1279,0.5915664212581
1280,-0.125872010587132
1281,-0.0233808060378135
1282,0.694057625807419
1283,1.46274165992731
1284,1.20651364855401
1285,2.41078530200851
1286,2.94886412589243
1287,0.5915664212581
1288,2.97448692702976
1289,2.12893448949788
1290,-0.382100021960429
1291,0.437829614434123
1292,-0.945801646981682
1293,0.386584012159462
1294,1.15526804627935
1295,-0.27960881741111
1296,1.41149605765265
1297,0.899040034906057
1298,2.41078530200851
1299,2.43640810314584
1300,1.25775925082867
1301,0.899040034906057
1302,0.719680426944748
1303,2.94886412589243
1304,1.36025045537799
1305,1.41149605765265
1306,-0.433345624235087
1307,-1.50950327200294
1308,0.0278647962368471
1309,-0.177117612861791
1310,0.489075216708781
1311,0.5915664212581
1312,-0.0233808060378135
1313,-0.740819237883044
1314,0.284092807610143
1315,0.437829614434123
1316,-0.792064840157705
1317,0.232847205335485
1318,-0.330854419685768
1319,-0.535836828784406
1320,-0.228363215136451
1321,0.899040034906057
1322,1.30900485310333
1323,-0.27960881741111
1324,0.0791103985115055
1325,0.694057625807419
1326,1.41149605765265
1327,2.07768888722322
1328,0.0278647962368471
1329,0.489075216708781
1330,0.437829614434123
1331,0.284092807610143
1332,0.386584012159462
1333,0.130356000786166
1334,1.00153123945538
1335,-1.25327526062964
1336,0.130356000786166
1337,1.1040224440047
1338,0.335338409884804
1339,0.540320818983442
1340,0.540320818983442
1341,0.130356000786166
1342,0.899040034906057
1343,-0.894556044707023
1344,1.36025045537799
1345,0.847794432631399
1346,-1.40701206745362
1347,1.1040224440047
1348,0.796548830356738
1349,0.899040034906057
1350,0.5915664212581
1351,-1.35576646517896
1352,1.15526804627935
1353,-0.125872010587132
1354,1.46274165992731
1355,0.0791103985115055
1356,-0.125872010587132
1357,-0.125872010587132
1358,0.540320818983442
1359,0.335338409884804
1360,-0.484591226509748
1361,-0.3564772208231
1362,1.61647846675129
1363,0.0022419950995179
1364,0.796548830356738
1365,0.899040034906057
1366,-0.125872010587132
1367,-0.330854419685768
1368,1.15526804627935
1369,-0.484591226509748
1370,-0.125872010587132
1371,-0.177117612861791
1372,0.489075216708781
1373,-0.330854419685768
1374,2.53889930769516
1375,0.796548830356738
1376,1.87270647812459
1377,0.642812023532761
1378,0.74530322808208
1379,0.130356000786166
1380,-0.228363215136451
1381,0.5915664212581
1382,0.0791103985115055
1383,0.386584012159462
1384,0.181601603060824
1385,0.796548830356738
1386,0.694057625807419
1387,0.5915664212581
1388,0.0278647962368471
1389,0.335338409884804
1390,-1.71448568110157
1391,-0.997047249256342
1392,-1.33014366404163
1393,-1.15078405608032
1394,-1.35576646517896
1395,-0.997047249256342
1396,-0.587082431059067
1397,-0.484591226509748
1398,0.694057625807419
1399,0.232847205335485
1400,-0.997047249256342
1401,0.386584012159462
1402,1.1040224440047
1403,-1.40701206745362
1404,0.130356000786166
1405,1.71896967130061
1406,-1.35576646517896
1407,1.20651364855401
1408,0.950285637180718
1409,2.07768888722322
1410,0.5915664212581
1411,1.15526804627935
1412,-0.177117612861791
1413,0.335338409884804
1414,-0.27960881741111
1415,1.56523286447663
1416,1.66772406902595
1417,0.489075216708781
1418,-0.894556044707023
1419,1.36025045537799
1420,-0.382100021960429
1421,-0.587082431059067
1422,2.12893448949788
1423,-0.484591226509748
1424,-0.0746264083124718
1425,-0.0233808060378135
1426,-0.433345624235087
1427,0.284092807610143
1428,-1.50950327200294
1429,1.05277684173003
1430,1.69334687016328
1431,1.71896967130061
1432,-0.177117612861791
1433,0.0791103985115055
1434,-0.638328033333725
1435,1.00153123945538
1436,0.796548830356738
1437,0.130356000786166
1438,-1.15078405608032
1439,2.20580289290987
1440,1.71896967130061
1441,1.38587325651532
1442,0.232847205335485
1443,0.0278647962368471
1444,1.30900485310333
1445,-0.0233808060378135
1446,1.46274165992731
1447,0.5915664212581
1448,1.30900485310333
1449,-0.638328033333725
1450,-1.15078405608032
1451,-1.20202965835498
1452,-1.40701206745362
1453,-1.35576646517896
1454,-0.125872010587132
1455,-0.228363215136451
1456,-1.61199447655225
1457,0.386584012159462
1458,1.61647846675129
1459,0.181601603060824
1460,0.284092807610143
1461,-0.535836828784406
1462,0.130356000786166
1463,-0.997047249256342
1464,1.30900485310333
1465,0.0791103985115055
1466,0.642812023532761
1467,0.489075216708781
1468,0.181601603060824
1469,-0.228363215136451
1470,0.0791103985115055
1471,-0.535836828784406
1472,0.0791103985115055
1473,0.284092807610143
1474,0.232847205335485
1475,-0.535836828784406
1476,0.489075216708781
1477,0.181601603060824
1478,0.130356000786166
1479,0.899040034906057
1480,2.12893448949788
1481,1.46274165992731
1482,0.694057625807419
1483,1.30900485310333
1484,0.284092807610143
1485,0.5915664212581
1486,0.386584012159462
1487,0.437829614434123
1488,0.796548830356738
1489,0.642812023532761
1490,1.20651364855401
1491,-0.535836828784406
1492,-0.587082431059067
1493,0.489075216708781
1494,0.899040034906057
1495,-0.638328033333725
1496,-0.894556044707023
1497,1.51398726220197
1498,-1.25327526062964
1499,-0.535836828784406
1500,-0.689573635608386
1501,-1.15078405608032
1502,-0.177117612861791
1503,-0.997047249256342
1504,-1.20202965835498
1505,-0.0233808060378135
1506,-1.66324007882691
1507,-0.535836828784406
1508,-0.740819237883044
1509,0.130356000786166
1510,-0.945801646981682
1511,-1.15078405608032
1512,-0.843310442432363
1513,0.284092807610143
1514,0.181601603060824
1515,-2.27818730612283
1516,-0.484591226509748
1517,-0.587082431059067
1518,-0.484591226509748
1519,-0.0233808060378135
1520,-0.177117612861791
1521,-0.0746264083124718
1522,-0.0233808060378135
1523,0.489075216708781
1524,-1.40701206745362
1525,0.0278647962368471
1526,-0.484591226509748
1527,0.335338409884804
1528,-1.86822248792555
1529,0.181601603060824
1530,0.847794432631399
1531,-0.125872010587132
1532,-0.484591226509748
1533,0.130356000786166
1534,-0.177117612861791
1535,0.437829614434123
1536,-1.20202965835498
1537,-0.484591226509748
1538,-0.177117612861791
1539,0.232847205335485
1540,1.05277684173003
1541,1.30900485310333
1542,0.0278647962368471
1543,0.335338409884804
1544,0.284092807610143
1545,0.437829614434123
1546,-0.792064840157705
1547,0.0791103985115055
1548,-0.587082431059067
1549,0.335338409884804
1550,-0.177117612861791
1551,0.181601603060824
1552,-0.228363215136451
1553,-0.100249209449801
1554,1.12964524514202
1555,-0.433345624235087
1556,-0.330854419685768
1557,0.284092807610143
1558,-0.433345624235087
1559,-0.433345624235087
1560,0.232847205335485
1561,-0.177117612861791
1562,0.642812023532761
1563,0.0278647962368471
1564,1.1040224440047
1565,0.694057625807419
1566,-0.689573635608386
1567,-1.61199447655225
1568,1.51398726220197
1569,-0.433345624235087
1570,1.05277684173003
1571,0.181601603060824
1572,0.0278647962368471
1573,-0.945801646981682
1574,-0.177117612861791
1575,0.540320818983442
1576,-0.382100021960429
1577,0.335338409884804
1578,-0.843310442432363
1579,-0.177117612861791
1580,-0.689573635608386
1581,0.694057625807419
1582,-0.228363215136451
1583,-0.689573635608386
1584,0.181601603060824
1585,-0.382100021960429
1586,0.899040034906057
1587,1.15526804627935
1588,1.20651364855401
1589,0.5915664212581
1590,0.232847205335485
1591,0.386584012159462
1592,-0.330854419685768
1593,0.284092807610143
1594,-0.0746264083124718
1595,-0.843310442432363
1596,-0.535836828784406
1597,-0.638328033333725
1598,-0.27960881741111
1599,-0.0746264083124718
1600,-0.484591226509748
1601,0.437829614434123
1602,0.130356000786166
1603,-0.792064840157705
1604,1.46274165992731
1605,-0.27960881741111
1606,-0.177117612861791
1607,-0.382100021960429
1608,1.15526804627935
1609,1.1040224440047
1610,0.642812023532761
1611,0.617189222395429
1612,0.284092807610143
1613,0.386584012159462
1614,0.335338409884804
1615,1.1040224440047
1616,1.00153123945538
1617,-1.15078405608032
1618,1.69334687016328
1619,0.386584012159462
1620,-0.27960881741111
1621,-0.792064840157705
1622,-0.0746264083124718
1623,0.386584012159462
1624,-0.27960881741111
1625,0.540320818983442
1626,0.74530322808208
1627,0.130356000786166
1628,0.847794432631399
1629,1.25775925082867
1630,1.05277684173003
1631,1.36025045537799
1632,0.847794432631399
1633,0.540320818983442
1634,0.0278647962368471
1635,0.0278647962368471
1636,0.0791103985115055
1637,0.0278647962368471
1638,1.20651364855401
1639,0.437829614434123
1640,-1.048292851531
1641,0.642812023532761
1642,0.437829614434123
1643,0.642812023532761
1644,-0.740819237883044
1645,1.61647846675129
1646,0.0278647962368471
1647,1.61647846675129
1648,0.950285637180718
1649,1.25775925082867
1650,-0.535836828784406
1651,-1.048292851531
1652,-0.177117612861791
1653,-1.09953845380566
1654,0.181601603060824
1655,-0.177117612861791
1656,-0.382100021960429
1657,0.694057625807419
1658,2.02644328494857
1659,-1.97071369247487
1660,0.0278647962368471
1661,-0.27960881741111
1662,-1.66324007882691
1663,-1.71448568110157
1664,-2.07320489702419
1665,-1.71448568110157
1666,-1.5607488742776
1667,0.540320818983442
1668,-0.843310442432363
1669,-1.61199447655225
1670,0.5915664212581
1671,-1.40701206745362
1672,-2.27818730612283
1673,-0.997047249256342
1674,-0.382100021960429
1675,-0.27960881741111
1676,0.437829614434123
1677,-1.15078405608032
1678,-1.15078405608032
1679,-1.15078405608032
1680,0.0791103985115055
1681,-0.792064840157705
1682,0.437829614434123
1683,1.66772406902595
1684,-1.40701206745362
1685,-1.86822248792555
1686,0.0791103985115055
1687,-0.0746264083124718
1688,-1.20202965835498
1689,-0.20274041399912
1690,-0.27960881741111
1691,2.2314256940472
1692,1.71896967130061
1693,2.12893448949788
1694,1.51398726220197
1695,1.97519768267391
1696,1.66772406902595
1697,1.05277684173003
1698,0.386584012159462
1699,1.15526804627935
1700,-0.945801646981682
1701,-0.125872010587132
1702,-0.843310442432363
1703,-1.40701206745362
1704,0.950285637180718
1705,0.284092807610143
1706,0.437829614434123
1707,-0.997047249256342
1708,0.437829614434123
1709,-0.125872010587132
1710,-0.0233808060378135
1711,-0.0746264083124718
1712,0.899040034906057
1713,-0.433345624235087
1714,-0.843310442432363
1715,0.284092807610143
1716,-1.81697688565089
1717,1.46274165992731
1718,0.899040034906057
1719,-0.689573635608386
1720,0.899040034906057
1721,1.25775925082867
1722,0.130356000786166
1723,-0.535836828784406
1724,0.181601603060824
1725,-0.125872010587132
1726,-0.382100021960429
1727,-0.997047249256342
1728,0.0791103985115055
1729,-0.125872010587132
1730,0.694057625807419
1731,0.386584012159462
1732,-1.66324007882691
1733,-0.0233808060378135
1734,0.181601603060824
1735,1.00153123945538
1736,0.284092807610143
1737,-1.5607488742776
1738,-0.689573635608386
1739,-0.228363215136451
1740,0.335338409884804
1741,0.309715608747475
1742,-0.689573635608386
1743,-0.0746264083124718
1744,-0.638328033333725
1745,0.335338409884804
1746,-0.0233808060378135
1747,0.335338409884804
1748,0.335338409884804
1749,-0.330854419685768
1750,-0.27960881741111
1751,0.232847205335485
1752,-0.0233808060378135
1753,0.130356000786166
1754,0.130356000786166
1755,0.130356000786166
1756,-1.81697688565089
1757,0.412206813296791
1758,-0.3564772208231
1759,-1.48388047086561
1760,-1.07391565266833
1761,0.489075216708781
1762,-0.997047249256342
1763,-0.177117612861791
1764,-0.945801646981682
1765,-0.689573635608386
1766,1.05277684173003
1767,-0.228363215136451
1768,2.12893448949788
1769,-1.09953845380566
1770,2.18018009177254
1771,-0.843310442432363
1772,-1.7401084822389
1773,0.950285637180718
1774,1.89832927926192
1775,0.694057625807419
1776,1.82146087584993
1777,-0.382100021960429
1778,-0.330854419685768
1779,0.847794432631399
1780,0.437829614434123
1781,1.56523286447663
1782,0.694057625807419
1783,-0.535836828784406
1784,1.15526804627935
1785,-0.177117612861791
1786,-0.587082431059067
1787,-0.740819237883044
1788,-0.535836828784406
1789,-1.40701206745362
1790,-0.125872010587132
1791,0.437829614434123
1792,0.284092807610143
1793,-0.228363215136451
1794,2.4876537054205
1795,0.335338409884804
1796,1.00153123945538
1797,0.694057625807419
1798,0.335338409884804
1799,-0.228363215136451
1800,0.335338409884804
1801,0.719680426944748
1802,-0.382100021960429
1803,-0.0746264083124718
1804,0.540320818983442
1805,0.130356000786166
1806,0.899040034906057
1807,1.51398726220197
1808,1.12964524514202
1809,0.437829614434123
1810,2.12893448949788
1811,0.181601603060824
1812,1.92395208039925
1813,0.232847205335485
1814,0.899040034906057
1815,0.437829614434123
1816,2.02644328494857
1817,-0.997047249256342
1818,0.642812023532761
1819,1.1040224440047
1820,1.82146087584993
1821,2.12893448949788
1822,1.59085566561396
1823,0.284092807610143
1824,-0.0233808060378135
1825,0.386584012159462
1826,-0.330854419685768
1827,1.41149605765265
1828,2.10331168836055
1829,1.56523286447663
1830,-0.433345624235087
1831,2.59014490996982
1832,3.10260093271641
1833,2.38516250087118
1834,-0.0233808060378135
1835,1.71896967130061
1836,1.71896967130061
1837,1.46274165992731
1838,1.77021527357527
1839,0.335338409884804
1840,1.18089084741668
1841,-0.0746264083124718
1842,0.540320818983442
1843,0.0278647962368471
1844,0.540320818983442
1845,0.796548830356738
1846,1.46274165992731
1847,1.97519768267391
1848,0.489075216708781
1849,-0.587082431059067
1850,0.412206813296791
1851,1.41149605765265
1852,-1.33014366404163
1853,1.61647846675129
1854,-0.330854419685768
1855,0.335338409884804
1856,1.56523286447663
1857,0.181601603060824
1858,0.412206813296791
1859,0.232847205335485
1860,0.130356000786166
1861,0.335338409884804
1862,1.00153123945538
1863,0.847794432631399
1864,0.5915664212581
1865,1.15526804627935
1866,0.489075216708781
1867,1.00153123945538
1868,-0.535836828784406
1869,-1.61199447655225
1870,0.899040034906057
1871,0.950285637180718
1872,0.694057625807419
1873,-0.177117612861791
1874,0.5915664212581
1875,0.540320818983442
1876,1.15526804627935
1877,2.53889930769516
1878,1.00153123945538
1879,0.74530322808208
1880,0.284092807610143
1881,0.463452415571452
1882,0.284092807610143
1883,0.899040034906057
1884,-0.0233808060378135
1885,1.82146087584993
1886,1.77021527357527
1887,1.66772406902595
1888,-0.535836828784406
1889,-0.740819237883044
1890,0.0278647962368471
1891,1.1040224440047
1892,1.20651364855401
1893,1.51398726220197
1894,-0.433345624235087
1895,0.5915664212581
1896,0.642812023532761
1897,1.00153123945538
1898,0.950285637180718
1899,2.18018009177254
1900,0.74530322808208
1901,1.30900485310333
1902,2.69263611451914
1903,0.437829614434123
1904,-1.40701206745362
1905,-0.997047249256342
1906,2.43640810314584
1907,3.10260093271641
1908,-0.228363215136451
1909,2.69263611451914
1910,3.15384653499107
1911,-0.253986016273781
1912,-1.35576646517896
1913,0.284092807610143
1914,3.05135533044175
1915,2.89761852361778
1916,-0.945801646981682
1917,-1.25327526062964
1918,-0.535836828784406
1919,1.7958380747126
1920,-1.048292851531
1921,-0.125872010587132
1922,-1.76573128337623
1923,-0.945801646981682
1924,-0.843310442432363
1925,-0.689573635608386
1926,0.386584012159462
1927,-1.66324007882691
1928,-0.484591226509748
1929,1.51398726220197
1930,0.335338409884804
1931,0.489075216708781
1932,-0.27960881741111
1933,-0.0746264083124718
1934,2.18018009177254
1935,1.97519768267391
1936,-1.15078405608032
1937,1.66772406902595
1938,1.69334687016328
1939,2.43640810314584
1940,1.77021527357527
1941,0.130356000786166
1942,-0.740819237883044
1943,-0.433345624235087
1944,-0.843310442432363
1945,-0.612705232196396
1946,0.232847205335485
1947,-0.484591226509748
1948,-0.535836828784406
1949,-0.689573635608386
1950,0.796548830356738
1951,-0.382100021960429
1952,-0.433345624235087
1953,0.335338409884804
1954,-0.484591226509748
1955,-0.535836828784406
1956,-0.945801646981682
1957,-0.484591226509748
1958,-0.177117612861791
1959,-0.0746264083124718
1960,0.796548830356738
1961,-0.228363215136451
1962,-0.125872010587132
1963,-0.945801646981682
1964,-0.125872010587132
1965,-1.33014366404163
1966,-0.792064840157705
1967,1.66772406902595
1968,-0.894556044707023
1969,-1.68886287996424
1970,-1.15078405608032
1971,0.0791103985115055
1972,-0.971424448119011
1973,-0.638328033333725
1974,0.386584012159462
1975,0.540320818983442
1976,0.386584012159462
1977,1.56523286447663
1978,2.35953969973385
1979,0.489075216708781
1980,1.00153123945538
1981,1.20651364855401
1982,1.30900485310333
1983,-0.330854419685768
1984,-0.177117612861791
1985,-0.27960881741111
1986,-0.330854419685768
1987,0.950285637180718
1988,-1.5607488742776
1989,1.25775925082867
1990,0.0791103985115055
1991,-1.09953845380566
1992,0.130356000786166
1993,1.41149605765265
1994,0.5915664212581
1995,2.18018009177254
1996,0.130356000786166
1997,1.1040224440047
1998,0.335338409884804
1999,-0.638328033333725
