,GH
0,-0.482314869986027
1,1.46250315415118
2,0.879057746910019
3,1.46250315415118
4,2.04594856139235
5,-0.482314869986027
6,1.26802135173746
7,0.490094142082578
8,0.295612339668857
9,0.879057746910019
10,1.85146675897862
11,1.07353954932374
12,-0.0933512651585855
13,0.879057746910019
14,0.101130537255136
15,-0.0933512651585855
16,0.879057746910019
17,-0.0933512651585855
18,0.101130537255136
19,-0.287833067572306
20,1.46250315415118
21,0.295612339668857
22,0.490094142082578
23,0.490094142082578
24,0.490094142082578
25,0.684575944496299
26,0.295612339668857
27,-2.0381692892958
28,0.295612339668857
29,0.684575944496299
30,1.46250315415118
31,-0.287833067572306
32,1.46250315415118
33,-0.0933512651585855
34,0.879057746910019
35,-0.482314869986027
36,0.879057746910019
37,1.26802135173746
38,-0.287833067572306
39,0.684575944496299
40,0.684575944496299
41,-0.0933512651585855
42,0.101130537255136
43,-0.0933512651585855
44,-0.676796672399749
45,-0.287833067572306
46,1.26802135173746
47,0.295612339668857
48,0.295612339668857
49,0.684575944496299
50,0.879057746910019
51,-0.482314869986027
52,-0.0933512651585855
53,-0.676796672399749
54,0.490094142082578
55,0.101130537255136
56,1.07353954932374
57,-0.482314869986027
58,0.879057746910019
59,-0.871278474813469
60,1.07353954932374
61,-0.482314869986027
62,0.101130537255136
63,0.879057746910019
64,-0.287833067572306
65,0.490094142082578
66,0.101130537255136
67,0.295612339668857
68,-0.871278474813469
69,-0.0933512651585855
70,1.07353954932374
71,0.295612339668857
72,-0.0933512651585855
73,-0.287833067572306
74,1.07353954932374
75,1.6569849565649
76,-0.482314869986027
77,-0.0933512651585855
78,0.101130537255136
79,-0.482314869986027
80,-0.0933512651585855
81,0.295612339668857
82,1.07353954932374
83,1.46250315415118
84,0.684575944496299
85,0.295612339668857
86,-0.0933512651585855
87,-0.482314869986027
88,0.101130537255136
89,-0.0933512651585855
90,0.684575944496299
91,-0.482314869986027
92,-0.676796672399749
93,-0.0933512651585855
94,0.879057746910019
95,0.684575944496299
96,-0.287833067572306
97,0.879057746910019
98,-0.676796672399749
99,-0.676796672399749
100,0.879057746910019
101,0.101130537255136
102,0.101130537255136
103,0.295612339668857
104,0.295612339668857
105,-0.482314869986027
106,0.879057746910019
107,-0.482314869986027
108,0.490094142082578
109,-0.0933512651585855
110,0.295612339668857
111,0.879057746910019
112,-0.287833067572306
113,1.26802135173746
114,-0.482314869986027
115,-0.0933512651585855
116,-0.0933512651585855
117,1.6569849565649
118,0.684575944496299
119,-0.287833067572306
120,1.46250315415118
121,-0.676796672399749
122,1.07353954932374
123,1.26802135173746
124,0.295612339668857
125,0.490094142082578
126,0.101130537255136
127,-0.0933512651585855
128,-0.482314869986027
129,0.295612339668857
130,1.07353954932374
131,1.26802135173746
132,0.879057746910019
133,1.85146675897862
134,2.24043036380607
135,0.101130537255136
136,1.6569849565649
137,0.879057746910019
138,-0.482314869986027
139,0.490094142082578
140,-0.287833067572306
141,0.295612339668857
142,-0.0933512651585855
143,-0.676796672399749
144,-0.0933512651585855
145,0.879057746910019
146,-0.871278474813469
147,0.684575944496299
148,1.26802135173746
149,0.295612339668857
150,1.46250315415118
151,1.07353954932374
152,-0.287833067572306
153,0.101130537255136
154,1.26802135173746
155,-0.0933512651585855
156,0.101130537255136
157,-0.676796672399749
158,0.490094142082578
159,0.684575944496299
160,0.101130537255136
161,0.684575944496299
162,-0.0933512651585855
163,-0.287833067572306
164,-0.287833067572306
165,0.101130537255136
166,2.24043036380607
167,1.6569849565649
168,0.684575944496299
169,0.101130537255136
170,-0.676796672399749
171,-0.287833067572306
172,0.879057746910019
173,-0.871278474813469
174,0.295612339668857
175,0.295612339668857
176,0.879057746910019
177,0.879057746910019
178,0.879057746910019
179,1.07353954932374
180,-0.0933512651585855
181,1.26802135173746
182,-1.26024207964091
183,1.07353954932374
184,2.04594856139235
185,1.6569849565649
186,0.684575944496299
187,1.26802135173746
188,1.6569849565649
189,-0.871278474813469
190,0.295612339668857
191,-1.26024207964091
192,1.6569849565649
193,0.684575944496299
194,0.101130537255136
195,1.46250315415118
196,1.07353954932374
197,-0.287833067572306
198,-0.482314869986027
199,-0.482314869986027
200,0.490094142082578
201,-1.06576027722719
202,0.101130537255136
203,0.684575944496299
204,0.101130537255136
205,0.879057746910019
206,-0.0933512651585855
207,0.295612339668857
208,-0.0933512651585855
209,0.295612339668857
210,0.879057746910019
211,0.101130537255136
212,-0.676796672399749
213,0.684575944496299
214,0.684575944496299
215,-0.0933512651585855
216,0.684575944496299
217,-0.0933512651585855
218,0.295612339668857
219,-0.676796672399749
220,0.101130537255136
221,-1.26024207964091
222,-1.06576027722719
223,0.490094142082578
224,0.490094142082578
225,1.26802135173746
226,1.46250315415118
227,1.85146675897862
228,1.6569849565649
229,0.490094142082578
230,1.26802135173746
231,0.295612339668857
232,1.26802135173746
233,-0.287833067572306
234,-0.676796672399749
235,-0.287833067572306
236,0.490094142082578
237,0.295612339668857
238,1.46250315415118
239,-0.676796672399749
240,-0.871278474813469
241,0.879057746910019
242,1.6569849565649
243,-0.0933512651585855
244,0.684575944496299
245,1.07353954932374
246,1.07353954932374
247,-0.0933512651585855
248,-0.482314869986027
249,-1.26024207964091
250,-1.06576027722719
251,-0.482314869986027
252,1.07353954932374
253,0.101130537255136
254,0.490094142082578
255,1.26802135173746
256,0.101130537255136
257,-0.482314869986027
258,-0.0933512651585855
259,-1.45472388205463
260,1.6569849565649
261,1.46250315415118
262,0.684575944496299
263,1.07353954932374
264,0.101130537255136
265,0.684575944496299
266,-0.287833067572306
267,-0.0933512651585855
268,-0.0933512651585855
269,-1.06576027722719
270,-0.0933512651585855
271,1.07353954932374
272,0.101130537255136
273,0.101130537255136
274,0.879057746910019
275,0.295612339668857
276,0.684575944496299
277,-1.06576027722719
278,0.295612339668857
279,0.879057746910019
280,1.6569849565649
281,2.24043036380607
282,-0.482314869986027
283,-0.676796672399749
284,-0.0933512651585855
285,0.684575944496299
286,-0.0933512651585855
287,0.879057746910019
288,-0.0933512651585855
289,-0.0933512651585855
290,1.6569849565649
291,1.6569849565649
292,2.04594856139235
293,1.07353954932374
294,-0.287833067572306
295,0.684575944496299
296,-0.482314869986027
297,1.26802135173746
298,0.295612339668857
299,0.490094142082578
300,0.684575944496299
301,1.07353954932374
302,1.46250315415118
303,0.490094142082578
304,0.879057746910019
305,-0.482314869986027
306,0.684575944496299
307,-0.0933512651585855
308,0.684575944496299
309,1.26802135173746
310,-0.482314869986027
311,0.101130537255136
312,-0.676796672399749
313,0.490094142082578
314,0.295612339668857
315,-0.0933512651585855
316,0.684575944496299
317,0.101130537255136
318,0.490094142082578
319,0.101130537255136
320,0.879057746910019
321,-0.482314869986027
322,0.101130537255136
323,0.295612339668857
324,0.295612339668857
325,0.879057746910019
326,0.295612339668857
327,-0.482314869986027
328,-0.0933512651585855
329,-0.287833067572306
330,0.101130537255136
331,0.101130537255136
332,2.04594856139235
333,0.101130537255136
334,0.295612339668857
335,0.684575944496299
336,-0.287833067572306
337,0.684575944496299
338,-0.0933512651585855
339,1.26802135173746
340,0.490094142082578
341,0.101130537255136
342,1.85146675897862
343,1.07353954932374
344,1.46250315415118
345,0.879057746910019
346,0.490094142082578
347,0.879057746910019
348,2.43491216621979
349,1.85146675897862
350,1.07353954932374
351,-0.287833067572306
352,1.07353954932374
353,1.26802135173746
354,0.295612339668857
355,1.26802135173746
356,-0.482314869986027
357,-0.871278474813469
358,0.490094142082578
359,-0.482314869986027
360,1.46250315415118
361,0.101130537255136
362,1.26802135173746
363,0.101130537255136
364,1.07353954932374
365,1.26802135173746
366,1.26802135173746
367,0.879057746910019
368,0.684575944496299
369,-0.482314869986027
370,-0.482314869986027
371,1.46250315415118
372,-0.0933512651585855
373,1.26802135173746
374,-0.871278474813469
375,-1.26024207964091
376,-0.482314869986027
377,0.295612339668857
378,-0.482314869986027
379,-0.482314869986027
380,-0.0933512651585855
381,1.85146675897862
382,0.295612339668857
383,1.26802135173746
384,-0.287833067572306
385,1.46250315415118
386,0.879057746910019
387,1.07353954932374
388,0.490094142082578
389,1.26802135173746
390,1.07353954932374
391,-0.287833067572306
392,0.879057746910019
393,0.684575944496299
394,-0.482314869986027
395,1.85146675897862
396,-0.482314869986027
397,-0.0933512651585855
398,1.26802135173746
399,0.295612339668857
400,-0.482314869986027
401,0.490094142082578
402,-0.0933512651585855
403,-0.871278474813469
404,0.295612339668857
405,-0.676796672399749
406,-0.0933512651585855
407,0.879057746910019
408,-0.0933512651585855
409,0.295612339668857
410,1.85146675897862
411,0.101130537255136
412,1.46250315415118
413,0.101130537255136
414,1.46250315415118
415,0.490094142082578
416,0.295612339668857
417,0.295612339668857
418,1.6569849565649
419,2.24043036380607
420,-0.482314869986027
421,0.101130537255136
422,1.6569849565649
423,0.879057746910019
424,-0.0933512651585855
425,-0.0933512651585855
426,0.295612339668857
427,1.26802135173746
428,1.26802135173746
429,0.490094142082578
430,-0.676796672399749
431,-0.871278474813469
432,0.101130537255136
433,-0.0933512651585855
434,-0.0933512651585855
435,-0.287833067572306
436,2.04594856139235
437,-1.26024207964091
438,0.101130537255136
439,1.46250315415118
440,1.26802135173746
441,-0.871278474813469
442,-0.676796672399749
443,-0.287833067572306
444,0.295612339668857
445,-0.871278474813469
446,-0.0933512651585855
447,0.295612339668857
448,0.879057746910019
449,0.490094142082578
450,0.295612339668857
451,0.684575944496299
452,-1.26024207964091
453,1.46250315415118
454,0.879057746910019
455,0.684575944496299
456,0.490094142082578
457,0.101130537255136
458,-0.482314869986027
459,-0.482314869986027
460,-0.482314869986027
461,0.879057746910019
462,-1.45472388205463
463,-0.482314869986027
464,0.684575944496299
465,0.879057746910019
466,-0.0933512651585855
467,-0.0933512651585855
468,-0.0933512651585855
469,0.879057746910019
470,0.684575944496299
471,-1.06576027722719
472,-0.482314869986027
473,-0.0933512651585855
474,-0.0933512651585855
475,-0.0933512651585855
476,0.295612339668857
477,-0.287833067572306
478,1.26802135173746
479,0.879057746910019
480,-1.06576027722719
481,0.684575944496299
482,-0.0933512651585855
483,1.07353954932374
484,-0.0933512651585855
485,1.26802135173746
486,0.879057746910019
487,0.101130537255136
488,1.26802135173746
489,0.490094142082578
490,0.101130537255136
491,0.490094142082578
492,-0.0933512651585855
493,1.6569849565649
494,1.46250315415118
495,-0.482314869986027
496,1.26802135173746
497,0.101130537255136
498,0.295612339668857
499,-0.0933512651585855
500,0.101130537255136
501,0.684575944496299
502,0.684575944496299
503,0.490094142082578
504,1.46250315415118
505,0.490094142082578
506,1.26802135173746
507,-0.287833067572306
508,0.879057746910019
509,0.101130537255136
510,0.295612339668857
511,0.101130537255136
512,0.295612339668857
513,0.490094142082578
514,0.879057746910019
515,-0.0933512651585855
516,0.879057746910019
517,1.26802135173746
518,0.684575944496299
519,-0.287833067572306
520,1.07353954932374
521,0.490094142082578
522,1.85146675897862
523,2.04594856139235
524,1.85146675897862
525,1.85146675897862
526,1.26802135173746
527,0.101130537255136
528,1.46250315415118
529,-0.676796672399749
530,0.684575944496299
531,1.85146675897862
532,0.684575944496299
533,1.46250315415118
534,0.879057746910019
535,0.295612339668857
536,0.101130537255136
537,0.684575944496299
538,-0.287833067572306
539,-0.871278474813469
540,1.26802135173746
541,0.295612339668857
542,1.46250315415118
543,0.684575944496299
544,1.6569849565649
545,1.85146675897862
546,1.46250315415118
547,1.85146675897862
548,0.490094142082578
549,1.85146675897862
550,-0.871278474813469
551,0.879057746910019
552,-0.871278474813469
553,0.684575944496299
554,0.295612339668857
555,1.26802135173746
556,1.26802135173746
557,1.07353954932374
558,-0.0933512651585855
559,0.101130537255136
560,0.879057746910019
561,1.26802135173746
562,0.879057746910019
563,-0.0933512651585855
564,0.879057746910019
565,1.85146675897862
566,-0.871278474813469
567,0.101130537255136
568,-0.0933512651585855
569,2.24043036380607
570,1.85146675897862
571,0.101130537255136
572,0.879057746910019
573,0.101130537255136
574,0.490094142082578
575,1.46250315415118
576,0.490094142082578
577,1.26802135173746
578,1.26802135173746
579,1.07353954932374
580,0.684575944496299
581,0.490094142082578
582,1.85146675897862
583,1.6569849565649
584,-0.287833067572306
585,-0.287833067572306
586,1.07353954932374
587,0.879057746910019
588,-0.482314869986027
589,1.26802135173746
590,1.07353954932374
591,0.490094142082578
592,0.684575944496299
593,0.684575944496299
594,1.46250315415118
595,2.04594856139235
596,1.46250315415118
597,0.295612339668857
598,-0.482314869986027
599,0.490094142082578
600,0.295612339668857
601,1.6569849565649
602,1.26802135173746
603,1.85146675897862
604,1.07353954932374
605,1.07353954932374
606,0.684575944496299
607,0.490094142082578
608,1.26802135173746
609,0.295612339668857
610,0.879057746910019
611,1.07353954932374
612,0.295612339668857
613,1.07353954932374
614,0.490094142082578
615,0.490094142082578
616,2.04594856139235
617,1.07353954932374
618,1.46250315415118
619,1.46250315415118
620,0.879057746910019
621,1.85146675897862
622,1.26802135173746
623,0.879057746910019
624,1.6569849565649
625,1.46250315415118
626,0.879057746910019
627,1.46250315415118
628,0.295612339668857
629,0.490094142082578
630,2.04594856139235
631,1.46250315415118
632,1.85146675897862
633,-0.482314869986027
634,2.04594856139235
635,2.04594856139235
636,2.24043036380607
637,0.101130537255136
638,0.490094142082578
639,1.46250315415118
640,1.85146675897862
641,1.6569849565649
642,-0.0933512651585855
643,2.24043036380607
644,2.43491216621979
645,0.879057746910019
646,2.04594856139235
647,1.26802135173746
648,1.26802135173746
649,0.684575944496299
650,1.46250315415118
651,1.46250315415118
652,-0.871278474813469
653,2.04594856139235
654,0.879057746910019
655,1.26802135173746
656,1.85146675897862
657,2.04594856139235
658,1.85146675897862
659,1.85146675897862
660,0.879057746910019
661,0.101130537255136
662,-0.676796672399749
663,1.46250315415118
664,1.6569849565649
665,1.85146675897862
666,1.6569849565649
667,0.490094142082578
668,0.684575944496299
669,0.295612339668857
670,0.490094142082578
671,0.490094142082578
672,-1.06576027722719
673,1.85146675897862
674,2.04594856139235
675,1.46250315415118
676,1.85146675897862
677,1.46250315415118
678,1.6569849565649
679,2.04594856139235
680,1.85146675897862
681,-0.0933512651585855
682,-1.26024207964091
683,1.07353954932374
684,-1.06576027722719
685,1.46250315415118
686,2.04594856139235
687,0.879057746910019
688,0.684575944496299
689,-0.287833067572306
690,1.46250315415118
691,2.04594856139235
692,0.101130537255136
693,1.07353954932374
694,1.07353954932374
695,2.04594856139235
696,1.07353954932374
697,1.07353954932374
698,2.24043036380607
699,0.879057746910019
700,1.6569849565649
701,1.6569849565649
702,2.04594856139235
703,1.46250315415118
704,1.6569849565649
705,2.24043036380607
706,1.85146675897862
707,0.101130537255136
708,1.46250315415118
709,0.879057746910019
710,1.6569849565649
711,1.85146675897862
712,-0.287833067572306
713,0.684575944496299
714,0.684575944496299
715,-0.287833067572306
716,2.04594856139235
717,2.04594856139235
718,2.24043036380607
719,-0.287833067572306
720,1.85146675897862
721,0.879057746910019
722,1.26802135173746
723,1.6569849565649
724,0.101130537255136
725,1.46250315415118
726,0.101130537255136
727,1.85146675897862
728,1.85146675897862
729,1.6569849565649
730,0.879057746910019
731,1.85146675897862
732,1.07353954932374
733,1.6569849565649
734,1.46250315415118
735,-1.26024207964091
736,-0.0933512651585855
737,1.85146675897862
738,1.6569849565649
739,0.879057746910019
740,2.62939396863351
741,2.24043036380607
742,1.07353954932374
743,1.46250315415118
744,2.24043036380607
745,-1.45472388205463
746,1.07353954932374
747,2.04594856139235
748,0.295612339668857
749,0.684575944496299
750,1.6569849565649
751,1.46250315415118
752,1.46250315415118
753,1.46250315415118
754,0.295612339668857
755,0.101130537255136
756,1.6569849565649
757,2.43491216621979
758,-0.0933512651585855
759,1.07353954932374
760,0.490094142082578
761,-0.0933512651585855
762,-2.0381692892958
763,-0.0933512651585855
764,1.26802135173746
765,-1.45472388205463
766,0.684575944496299
767,-1.26024207964091
768,-0.676796672399749
769,-0.676796672399749
770,-0.871278474813469
771,0.879057746910019
772,-0.0933512651585855
773,-2.0381692892958
774,-1.06576027722719
775,0.879057746910019
776,-1.45472388205463
777,-0.287833067572306
778,0.101130537255136
779,0.684575944496299
780,-0.482314869986027
781,0.101130537255136
782,-2.23265109170952
783,-0.482314869986027
784,-0.482314869986027
785,-0.871278474813469
786,-1.45472388205463
787,-1.45472388205463
788,0.490094142082578
789,0.879057746910019
790,-0.676796672399749
791,1.85146675897862
792,-0.0933512651585855
793,-0.0933512651585855
794,-0.676796672399749
795,1.85146675897862
796,-0.287833067572306
797,0.879057746910019
798,0.879057746910019
799,-1.45472388205463
800,-1.26024207964091
801,-0.287833067572306
802,-0.482314869986027
803,-0.287833067572306
804,0.101130537255136
805,-0.676796672399749
806,-1.45472388205463
807,0.101130537255136
808,-0.871278474813469
809,-0.287833067572306
810,-1.26024207964091
811,-1.26024207964091
812,0.101130537255136
813,-0.482314869986027
814,-0.676796672399749
815,0.684575944496299
816,-0.676796672399749
817,-1.45472388205463
818,0.101130537255136
819,-0.0933512651585855
820,0.101130537255136
821,0.101130537255136
822,0.101130537255136
823,0.879057746910019
824,-0.871278474813469
825,0.684575944496299
826,-0.676796672399749
827,-2.23265109170952
828,0.490094142082578
829,-0.0933512651585855
830,0.101130537255136
831,-1.06576027722719
832,-0.676796672399749
833,-0.871278474813469
834,0.101130537255136
835,0.879057746910019
836,-0.0933512651585855
837,0.101130537255136
838,-0.482314869986027
839,-0.482314869986027
840,-0.0933512651585855
841,0.879057746910019
842,-0.287833067572306
843,-0.0933512651585855
844,-0.287833067572306
845,-0.0933512651585855
846,0.101130537255136
847,0.879057746910019
848,-0.287833067572306
849,-0.0933512651585855
850,0.101130537255136
851,0.101130537255136
852,-2.0381692892958
853,-0.482314869986027
854,0.101130537255136
855,0.101130537255136
856,0.101130537255136
857,-0.0933512651585855
858,0.101130537255136
859,0.101130537255136
860,0.879057746910019
861,-1.26024207964091
862,-0.871278474813469
863,-0.0933512651585855
864,-1.06576027722719
865,-0.0933512651585855
866,-1.26024207964091
867,-0.871278474813469
868,-0.287833067572306
869,0.879057746910019
870,0.490094142082578
871,-0.482314869986027
872,-0.676796672399749
873,0.490094142082578
874,-0.482314869986027
875,-0.0933512651585855
876,0.101130537255136
877,-0.287833067572306
878,-1.06576027722719
879,0.101130537255136
880,0.101130537255136
881,-0.482314869986027
882,-0.0933512651585855
883,0.490094142082578
884,-0.0933512651585855
885,0.879057746910019
886,0.879057746910019
887,0.101130537255136
888,0.490094142082578
889,-0.287833067572306
890,-0.0933512651585855
891,-0.482314869986027
892,-0.0933512651585855
893,0.684575944496299
894,1.07353954932374
895,-0.0933512651585855
896,-0.0933512651585855
897,-1.26024207964091
898,-2.0381692892958
899,-1.06576027722719
900,0.684575944496299
901,0.490094142082578
902,-0.287833067572306
903,-0.482314869986027
904,-0.287833067572306
905,-0.0933512651585855
906,-0.0933512651585855
907,-0.0933512651585855
908,-0.0933512651585855
909,0.684575944496299
910,1.07353954932374
911,-0.676796672399749
912,-0.287833067572306
913,0.684575944496299
914,1.07353954932374
915,-0.0933512651585855
916,1.07353954932374
917,-1.26024207964091
918,-1.26024207964091
919,-0.287833067572306
920,0.879057746910019
921,-0.871278474813469
922,-0.482314869986027
923,-0.287833067572306
924,-0.287833067572306
925,0.101130537255136
926,0.879057746910019
927,-0.287833067572306
928,0.101130537255136
929,-0.0933512651585855
930,0.101130537255136
931,-0.871278474813469
932,-0.482314869986027
933,-0.0933512651585855
934,-0.0933512651585855
935,-0.871278474813469
936,0.490094142082578
937,-0.0933512651585855
938,0.101130537255136
939,0.101130537255136
940,0.879057746910019
941,-1.45472388205463
942,-0.676796672399749
943,1.07353954932374
944,0.684575944496299
945,-1.26024207964091
946,0.684575944496299
947,-0.0933512651585855
948,-0.482314869986027
949,0.879057746910019
950,0.879057746910019
951,1.46250315415118
952,1.26802135173746
953,0.879057746910019
954,-0.676796672399749
955,0.879057746910019
956,-0.0933512651585855
957,0.101130537255136
958,-0.0933512651585855
959,-0.287833067572306
960,-0.287833067572306
961,-0.287833067572306
962,-0.287833067572306
963,-0.871278474813469
964,0.879057746910019
965,0.684575944496299
966,-0.287833067572306
967,-0.287833067572306
968,-0.287833067572306
969,0.101130537255136
970,0.879057746910019
971,-0.0933512651585855
972,-0.676796672399749
973,0.879057746910019
974,-1.26024207964091
975,-0.287833067572306
976,0.879057746910019
977,-0.871278474813469
978,-1.45472388205463
979,-0.287833067572306
980,0.879057746910019
981,-0.0933512651585855
982,-0.287833067572306
983,-0.287833067572306
984,-0.871278474813469
985,1.07353954932374
986,-0.482314869986027
987,-0.676796672399749
988,-0.676796672399749
989,-0.0933512651585855
990,-0.0933512651585855
991,-0.871278474813469
992,-2.23265109170952
993,-1.06576027722719
994,-0.287833067572306
995,-0.0933512651585855
996,-0.676796672399749
997,-0.287833067572306
998,-0.0933512651585855
999,-0.0933512651585855
1000,-1.26024207964091
1001,-2.0381692892958
1002,0.879057746910019
1003,0.490094142082578
1004,0.879057746910019
1005,-0.871278474813469
1006,-1.26024207964091
1007,0.879057746910019
1008,0.490094142082578
1009,-0.287833067572306
1010,-0.287833067572306
1011,-1.45472388205463
1012,1.07353954932374
1013,-1.26024207964091
1014,-0.676796672399749
1015,-0.676796672399749
1016,0.101130537255136
1017,0.490094142082578
1018,-1.06576027722719
1019,0.879057746910019
1020,-0.287833067572306
1021,-1.26024207964091
1022,-0.482314869986027
1023,-0.287833067572306
1024,0.490094142082578
1025,0.101130537255136
1026,0.879057746910019
1027,0.101130537255136
1028,0.879057746910019
1029,-0.287833067572306
1030,-0.0933512651585855
1031,-0.0933512651585855
1032,1.07353954932374
1033,-2.0381692892958
1034,-0.676796672399749
1035,-1.06576027722719
1036,0.101130537255136
1037,-1.06576027722719
1038,-1.06576027722719
1039,0.879057746910019
1040,-1.45472388205463
1041,-1.06576027722719
1042,-1.26024207964091
1043,-0.0933512651585855
1044,-0.287833067572306
1045,-0.0933512651585855
1046,-0.287833067572306
1047,-0.0933512651585855
1048,-0.482314869986027
1049,-0.0933512651585855
1050,0.879057746910019
1051,0.490094142082578
1052,-0.871278474813469
1053,-1.26024207964091
1054,0.879057746910019
1055,0.490094142082578
1056,0.490094142082578
1057,1.6569849565649
1058,0.101130537255136
1059,-0.482314869986027
1060,0.879057746910019
1061,0.490094142082578
1062,-0.676796672399749
1063,-0.287833067572306
1064,-0.482314869986027
1065,1.07353954932374
1066,0.490094142082578
1067,-0.482314869986027
1068,-0.0933512651585855
1069,0.101130537255136
1070,-0.482314869986027
1071,1.6569849565649
1072,-1.45472388205463
1073,-2.23265109170952
1074,-0.0933512651585855
1075,-0.871278474813469
1076,0.490094142082578
1077,0.879057746910019
1078,-1.45472388205463
1079,-1.06576027722719
1080,-0.871278474813469
1081,-0.871278474813469
1082,0.879057746910019
1083,0.490094142082578
1084,0.879057746910019
1085,0.490094142082578
1086,0.490094142082578
1087,-0.482314869986027
1088,0.879057746910019
1089,0.490094142082578
1090,1.07353954932374
1091,0.490094142082578
1092,-0.871278474813469
1093,-0.871278474813469
1094,-0.287833067572306
1095,-1.06576027722719
1096,0.879057746910019
1097,0.490094142082578
1098,0.879057746910019
1099,-0.871278474813469
1100,-0.482314869986027
1101,-0.0933512651585855
1102,-0.482314869986027
1103,-0.287833067572306
1104,0.879057746910019
1105,-2.0381692892958
1106,-0.676796672399749
1107,-1.26024207964091
1108,0.879057746910019
1109,-0.871278474813469
1110,0.879057746910019
1111,0.879057746910019
1112,-0.482314869986027
1113,0.879057746910019
1114,-0.0933512651585855
1115,-1.26024207964091
1116,-0.676796672399749
1117,-1.06576027722719
1118,-0.482314869986027
1119,-2.0381692892958
1120,-0.676796672399749
1121,-0.676796672399749
1122,0.101130537255136
1123,-1.26024207964091
1124,-1.06576027722719
1125,-1.06576027722719
1126,-0.676796672399749
1127,0.684575944496299
1128,-0.676796672399749
1129,-0.287833067572306
1130,-2.23265109170952
1131,-0.871278474813469
1132,-0.287833067572306
1133,0.879057746910019
1134,-1.45472388205463
1135,-0.482314869986027
1136,0.879057746910019
1137,-2.0381692892958
1138,-2.0381692892958
1139,-0.482314869986027
1140,-1.06576027722719
1141,-1.45472388205463
1142,-1.45472388205463
1143,-0.0933512651585855
1144,-1.45472388205463
1145,-0.871278474813469
1146,-0.676796672399749
1147,-0.287833067572306
1148,-1.45472388205463
1149,-1.45472388205463
1150,-2.23265109170952
1151,-0.676796672399749
1152,-2.0381692892958
1153,-1.26024207964091
1154,-0.676796672399749
1155,-0.871278474813469
1156,-2.0381692892958
1157,-0.676796672399749
1158,-0.482314869986027
1159,-0.482314869986027
1160,-2.42713289412324
1161,-2.42713289412324
1162,-2.42713289412324
1163,-1.45472388205463
1164,-2.62161469653696
1165,-1.26024207964091
1166,-0.676796672399749
1167,-2.0381692892958
1168,-2.0381692892958
1169,-1.26024207964091
1170,-0.871278474813469
1171,-1.06576027722719
1172,-0.0933512651585855
1173,-1.06576027722719
1174,0.101130537255136
1175,-0.0933512651585855
1176,-0.676796672399749
1177,-1.26024207964091
1178,-0.871278474813469
1179,-0.871278474813469
1180,-1.45472388205463
1181,-1.26024207964091
1182,-0.676796672399749
1183,-1.06576027722719
1184,-2.0381692892958
1185,-0.676796672399749
1186,-0.287833067572306
1187,-0.871278474813469
1188,-0.482314869986027
1189,-1.45472388205463
1190,-2.0381692892958
1191,-2.0381692892958
1192,-0.0933512651585855
1193,-1.06576027722719
1194,-2.23265109170952
1195,-1.45472388205463
1196,-2.42713289412324
1197,0.490094142082578
1198,-2.0381692892958
1199,0.879057746910019
1200,-1.26024207964091
1201,-0.676796672399749
1202,-0.676796672399749
1203,-1.06576027722719
1204,-0.287833067572306
1205,-0.871278474813469
1206,-0.482314869986027
1207,-0.287833067572306
1208,-0.287833067572306
1209,-1.26024207964091
1210,-0.871278474813469
1211,-1.45472388205463
1212,-1.45472388205463
1213,-2.42713289412324
1214,-0.676796672399749
1215,-0.287833067572306
1216,-1.45472388205463
1217,-0.871278474813469
1218,-2.0381692892958
1219,-0.287833067572306
1220,0.101130537255136
1221,-0.287833067572306
1222,-0.287833067572306
1223,-0.287833067572306
1224,0.101130537255136
1225,1.26802135173746
1226,0.101130537255136
1227,-0.0933512651585855
1228,-1.45472388205463
1229,1.07353954932374
1230,-0.676796672399749
1231,-1.45472388205463
1232,-1.06576027722719
1233,-0.0933512651585855
1234,-0.0933512651585855
1235,-0.287833067572306
1236,-0.0933512651585855
1237,0.879057746910019
1238,0.101130537255136
1239,0.101130537255136
1240,-0.482314869986027
1241,-0.287833067572306
1242,-0.676796672399749
1243,-0.287833067572306
1244,-2.0381692892958
1245,-1.45472388205463
1246,-0.0933512651585855
1247,0.879057746910019
1248,-1.26024207964091
1249,0.490094142082578
1250,-0.287833067572306
1251,-2.0381692892958
1252,-0.287833067572306
1253,-0.871278474813469
1254,-2.23265109170952
1255,-0.482314869986027
1256,-0.0933512651585855
1257,1.26802135173746
1258,0.684575944496299
1259,-2.0381692892958
1260,-1.06576027722719
1261,-0.287833067572306
1262,-0.0933512651585855
1263,-0.0933512651585855
1264,-2.0381692892958
1265,-1.26024207964091
1266,1.26802135173746
1267,-2.23265109170952
1268,-2.23265109170952
1269,-1.26024207964091
1270,-1.06576027722719
1271,-2.0381692892958
1272,-1.26024207964091
1273,-1.45472388205463
1274,-1.26024207964091
1275,-2.0381692892958
1276,-1.26024207964091
1277,-1.06576027722719
1278,-1.26024207964091
1279,-1.45472388205463
1280,0.490094142082578
1281,-0.0933512651585855
1282,-2.23265109170952
1283,-0.871278474813469
1284,0.490094142082578
1285,-1.45472388205463
1286,-1.45472388205463
1287,-0.0933512651585855
1288,-1.06576027722719
1289,0.684575944496299
1290,-0.0933512651585855
1291,-0.287833067572306
1292,0.879057746910019
1293,0.490094142082578
1294,0.490094142082578
1295,-0.0933512651585855
1296,-0.676796672399749
1297,-1.45472388205463
1298,-1.06576027722719
1299,0.879057746910019
1300,-0.676796672399749
1301,-0.871278474813469
1302,-0.871278474813469
1303,-0.287833067572306
1304,-0.287833067572306
1305,-1.06576027722719
1306,0.490094142082578
1307,0.879057746910019
1308,-0.482314869986027
1309,0.879057746910019
1310,0.101130537255136
1311,-0.676796672399749
1312,1.6569849565649
1313,0.879057746910019
1314,-0.287833067572306
1315,0.879057746910019
1316,0.684575944496299
1317,0.490094142082578
1318,0.879057746910019
1319,0.879057746910019
1320,1.46250315415118
1321,0.879057746910019
1322,0.879057746910019
1323,-0.676796672399749
1324,0.879057746910019
1325,0.490094142082578
1326,0.879057746910019
1327,-0.482314869986027
1328,-2.0381692892958
1329,-0.482314869986027
1330,0.101130537255136
1331,0.684575944496299
1332,0.879057746910019
1333,-0.676796672399749
1334,0.684575944496299
1335,0.490094142082578
1336,0.101130537255136
1337,-1.26024207964091
1338,-1.45472388205463
1339,-0.676796672399749
1340,-2.23265109170952
1341,-1.06576027722719
1342,-1.45472388205463
1343,-0.871278474813469
1344,-0.871278474813469
1345,-0.871278474813469
1346,-0.871278474813469
1347,-0.871278474813469
1348,-0.676796672399749
1349,-1.26024207964091
1350,1.6569849565649
1351,0.101130537255136
1352,-0.482314869986027
1353,-1.45472388205463
1354,-1.06576027722719
1355,-2.23265109170952
1356,-1.06576027722719
1357,-1.26024207964091
1358,-2.0381692892958
1359,-1.45472388205463
1360,-1.06576027722719
1361,-2.0381692892958
1362,-2.23265109170952
1363,-2.23265109170952
1364,-1.45472388205463
1365,-1.26024207964091
1366,-1.45472388205463
1367,-1.45472388205463
1368,-0.676796672399749
1369,0.101130537255136
1370,-1.45472388205463
1371,-0.871278474813469
1372,-1.26024207964091
1373,-0.871278474813469
1374,-1.45472388205463
1375,-0.871278474813469
1376,-0.871278474813469
1377,-2.23265109170952
1378,-1.06576027722719
1379,-1.26024207964091
1380,-1.45472388205463
1381,-1.45472388205463
1382,-1.26024207964091
1383,-1.06576027722719
1384,-1.06576027722719
1385,-1.45472388205463
1386,-1.45472388205463
1387,-1.45472388205463
1388,-1.06576027722719
1389,-1.06576027722719
1390,0.101130537255136
1391,-0.0933512651585855
1392,-1.26024207964091
1393,1.26802135173746
1394,-1.06576027722719
1395,0.879057746910019
1396,-1.26024207964091
1397,-0.287833067572306
1398,-1.26024207964091
1399,0.879057746910019
1400,0.684575944496299
1401,-0.0933512651585855
1402,-0.871278474813469
1403,-0.0933512651585855
1404,0.684575944496299
1405,-0.287833067572306
1406,0.490094142082578
1407,-0.287833067572306
1408,-0.482314869986027
1409,-1.06576027722719
1410,-1.26024207964091
1411,-0.482314869986027
1412,-0.871278474813469
1413,0.879057746910019
1414,-0.676796672399749
1415,-0.676796672399749
1416,-0.871278474813469
1417,0.490094142082578
1418,0.101130537255136
1419,-1.45472388205463
1420,1.07353954932374
1421,-0.0933512651585855
1422,-2.0381692892958
1423,0.101130537255136
1424,-1.45472388205463
1425,-0.287833067572306
1426,-0.0933512651585855
1427,0.879057746910019
1428,-0.287833067572306
1429,-0.676796672399749
1430,-0.871278474813469
1431,0.490094142082578
1432,0.101130537255136
1433,0.879057746910019
1434,-0.0933512651585855
1435,-0.676796672399749
1436,1.26802135173746
1437,0.490094142082578
1438,-0.482314869986027
1439,-0.287833067572306
1440,-0.0933512651585855
1441,-0.871278474813469
1442,-0.0933512651585855
1443,1.07353954932374
1444,-1.06576027722719
1445,0.684575944496299
1446,-0.871278474813469
1447,-1.45472388205463
1448,-0.871278474813469
1449,-0.0933512651585855
1450,-0.0933512651585855
1451,-0.287833067572306
1452,0.101130537255136
1453,0.101130537255136
1454,-0.482314869986027
1455,-0.287833067572306
1456,-0.0933512651585855
1457,-1.06576027722719
1458,-0.871278474813469
1459,-0.482314869986027
1460,0.490094142082578
1461,0.879057746910019
1462,-0.871278474813469
1463,0.879057746910019
1464,-0.482314869986027
1465,-1.45472388205463
1466,-0.676796672399749
1467,-2.42713289412324
1468,-0.676796672399749
1469,0.101130537255136
1470,0.490094142082578
1471,0.101130537255136
1472,-0.676796672399749
1473,-0.871278474813469
1474,0.684575944496299
1475,0.879057746910019
1476,-0.676796672399749
1477,-0.287833067572306
1478,1.6569849565649
1479,-1.26024207964091
1480,-1.06576027722719
1481,-0.871278474813469
1482,0.879057746910019
1483,-0.676796672399749
1484,1.07353954932374
1485,1.26802135173746
1486,1.07353954932374
1487,1.07353954932374
1488,0.684575944496299
1489,0.879057746910019
1490,-0.676796672399749
1491,-1.26024207964091
1492,-0.482314869986027
1493,0.684575944496299
1494,-0.676796672399749
1495,0.684575944496299
1496,0.879057746910019
1497,-1.06576027722719
1498,-0.0933512651585855
1499,-0.0933512651585855
1500,1.07353954932374
1501,-0.287833067572306
1502,0.879057746910019
1503,-0.0933512651585855
1504,0.490094142082578
1505,0.879057746910019
1506,1.6569849565649
1507,0.490094142082578
1508,0.879057746910019
1509,0.879057746910019
1510,-0.0933512651585855
1511,-0.482314869986027
1512,0.879057746910019
1513,-0.676796672399749
1514,-0.0933512651585855
1515,1.6569849565649
1516,-0.0933512651585855
1517,-0.871278474813469
1518,0.684575944496299
1519,-0.676796672399749
1520,-0.482314869986027
1521,-0.871278474813469
1522,1.26802135173746
1523,0.879057746910019
1524,0.490094142082578
1525,-0.0933512651585855
1526,0.879057746910019
1527,0.879057746910019
1528,0.879057746910019
1529,-0.0933512651585855
1530,0.879057746910019
1531,-0.0933512651585855
1532,0.490094142082578
1533,0.684575944496299
1534,-0.0933512651585855
1535,-0.482314869986027
1536,-0.0933512651585855
1537,-0.0933512651585855
1538,0.879057746910019
1539,0.490094142082578
1540,-0.482314869986027
1541,0.879057746910019
1542,-0.482314869986027
1543,-0.287833067572306
1544,-0.482314869986027
1545,-1.06576027722719
1546,-0.676796672399749
1547,0.490094142082578
1548,0.490094142082578
1549,-1.45472388205463
1550,-0.871278474813469
1551,0.490094142082578
1552,-0.482314869986027
1553,-0.482314869986027
1554,0.101130537255136
1555,0.101130537255136
1556,-0.0933512651585855
1557,-0.871278474813469
1558,1.6569849565649
1559,1.26802135173746
1560,0.879057746910019
1561,0.879057746910019
1562,-0.871278474813469
1563,0.101130537255136
1564,0.490094142082578
1565,-0.287833067572306
1566,0.879057746910019
1567,0.101130537255136
1568,-1.06576027722719
1569,-1.06576027722719
1570,-0.871278474813469
1571,-0.287833067572306
1572,-0.482314869986027
1573,0.490094142082578
1574,0.490094142082578
1575,-0.0933512651585855
1576,-0.871278474813469
1577,-0.676796672399749
1578,0.684575944496299
1579,-1.26024207964091
1580,1.85146675897862
1581,-0.676796672399749
1582,0.490094142082578
1583,0.879057746910019
1584,-0.287833067572306
1585,-0.0933512651585855
1586,-0.287833067572306
1587,-0.871278474813469
1588,-1.45472388205463
1589,0.101130537255136
1590,-0.871278474813469
1591,-2.0381692892958
1592,-0.871278474813469
1593,-0.871278474813469
1594,-0.287833067572306
1595,0.879057746910019
1596,-0.0933512651585855
1597,1.26802135173746
1598,0.490094142082578
1599,-1.06576027722719
1600,-1.26024207964091
1601,-1.45472388205463
1602,-0.676796672399749
1603,-1.26024207964091
1604,0.684575944496299
1605,0.101130537255136
1606,0.101130537255136
1607,-0.871278474813469
1608,-1.06576027722719
1609,-2.0381692892958
1610,-0.676796672399749
1611,-1.26024207964091
1612,-0.871278474813469
1613,-1.45472388205463
1614,-0.287833067572306
1615,-0.871278474813469
1616,-0.676796672399749
1617,1.46250315415118
1618,-2.23265109170952
1619,1.07353954932374
1620,-0.287833067572306
1621,-0.482314869986027
1622,0.490094142082578
1623,-1.45472388205463
1624,-0.871278474813469
1625,-0.871278474813469
1626,0.879057746910019
1627,-0.676796672399749
1628,-1.06576027722719
1629,-0.482314869986027
1630,-1.26024207964091
1631,-0.871278474813469
1632,-0.676796672399749
1633,-1.26024207964091
1634,0.879057746910019
1635,-0.482314869986027
1636,-0.676796672399749
1637,-0.0933512651585855
1638,0.490094142082578
1639,-0.871278474813469
1640,0.101130537255136
1641,-0.676796672399749
1642,-1.06576027722719
1643,-0.676796672399749
1644,0.684575944496299
1645,-0.871278474813469
1646,-0.676796672399749
1647,-0.482314869986027
1648,-0.287833067572306
1649,-1.26024207964091
1650,0.879057746910019
1651,1.07353954932374
1652,-0.287833067572306
1653,0.101130537255136
1654,0.101130537255136
1655,-0.0933512651585855
1656,0.101130537255136
1657,-1.45472388205463
1658,-0.871278474813469
1659,0.684575944496299
1660,1.26802135173746
1661,-0.676796672399749
1662,-0.871278474813469
1663,0.879057746910019
1664,-0.482314869986027
1665,0.684575944496299
1666,-0.0933512651585855
1667,-0.0933512651585855
1668,1.07353954932374
1669,0.684575944496299
1670,-1.06576027722719
1671,1.46250315415118
1672,0.684575944496299
1673,0.879057746910019
1674,0.684575944496299
1675,-0.0933512651585855
1676,0.684575944496299
1677,1.85146675897862
1678,0.101130537255136
1679,1.46250315415118
1680,0.101130537255136
1681,-0.287833067572306
1682,-0.482314869986027
1683,0.490094142082578
1684,1.07353954932374
1685,0.879057746910019
1686,-1.45472388205463
1687,-0.482314869986027
1688,-0.871278474813469
1689,0.101130537255136
1690,-0.676796672399749
1691,-2.62161469653696
1692,-2.23265109170952
1693,-2.42713289412324
1694,-2.23265109170952
1695,-2.42713289412324
1696,-2.42713289412324
1697,-0.871278474813469
1698,1.07353954932374
1699,-1.26024207964091
1700,-1.06576027722719
1701,-1.26024207964091
1702,-1.45472388205463
1703,0.684575944496299
1704,-0.871278474813469
1705,-2.0381692892958
1706,-0.676796672399749
1707,-0.482314869986027
1708,-1.06576027722719
1709,-1.26024207964091
1710,-1.45472388205463
1711,-1.06576027722719
1712,-0.482314869986027
1713,-1.26024207964091
1714,1.07353954932374
1715,-0.871278474813469
1716,-0.0933512651585855
1717,-1.26024207964091
1718,-1.26024207964091
1719,-0.676796672399749
1720,-0.287833067572306
1721,-1.26024207964091
1722,-0.676796672399749
1723,-0.871278474813469
1724,-1.26024207964091
1725,-1.26024207964091
1726,-0.287833067572306
1727,-0.482314869986027
1728,-1.45472388205463
1729,-1.26024207964091
1730,0.879057746910019
1731,0.879057746910019
1732,-0.0933512651585855
1733,-1.06576027722719
1734,-0.871278474813469
1735,-2.0381692892958
1736,-2.0381692892958
1737,-0.287833067572306
1738,-0.0933512651585855
1739,-0.871278474813469
1740,0.490094142082578
1741,-0.287833067572306
1742,-0.871278474813469
1743,0.101130537255136
1744,-0.676796672399749
1745,-0.287833067572306
1746,-1.26024207964091
1747,-1.06576027722719
1748,-0.676796672399749
1749,-0.482314869986027
1750,2.04594856139235
1751,1.6569849565649
1752,-1.26024207964091
1753,-0.287833067572306
1754,-1.06576027722719
1755,-0.482314869986027
1756,1.26802135173746
1757,1.6569849565649
1758,-0.482314869986027
1759,-0.871278474813469
1760,-0.676796672399749
1761,-0.871278474813469
1762,-0.0933512651585855
1763,-2.23265109170952
1764,-0.676796672399749
1765,0.490094142082578
1766,-2.0381692892958
1767,-1.26024207964091
1768,-1.06576027722719
1769,-0.0933512651585855
1770,-2.0381692892958
1771,1.07353954932374
1772,0.879057746910019
1773,0.101130537255136
1774,-1.26024207964091
1775,-0.676796672399749
1776,-1.26024207964091
1777,-0.871278474813469
1778,-0.871278474813469
1779,-0.871278474813469
1780,-0.676796672399749
1781,-0.482314869986027
1782,-2.0381692892958
1783,-0.871278474813469
1784,-1.26024207964091
1785,-0.0933512651585855
1786,-0.0933512651585855
1787,-0.676796672399749
1788,-0.287833067572306
1789,0.879057746910019
1790,-0.287833067572306
1791,-0.871278474813469
1792,-0.871278474813469
1793,-0.676796672399749
1794,-2.0381692892958
1795,-0.287833067572306
1796,-1.26024207964091
1797,-2.0381692892958
1798,-2.23265109170952
1799,-0.676796672399749
1800,-1.06576027722719
1801,-0.482314869986027
1802,0.490094142082578
1803,-0.676796672399749
1804,-2.0381692892958
1805,-0.676796672399749
1806,-1.26024207964091
1807,-1.45472388205463
1808,-1.26024207964091
1809,-2.42713289412324
1810,-2.23265109170952
1811,-0.676796672399749
1812,-1.45472388205463
1813,-1.06576027722719
1814,-1.45472388205463
1815,-1.26024207964091
1816,-1.45472388205463
1817,-0.676796672399749
1818,-1.06576027722719
1819,-0.871278474813469
1820,-1.26024207964091
1821,-0.287833067572306
1822,-0.676796672399749
1823,-0.676796672399749
1824,-0.287833067572306
1825,-0.287833067572306
1826,0.490094142082578
1827,-0.482314869986027
1828,-1.26024207964091
1829,0.101130537255136
1830,-0.871278474813469
1831,-2.42713289412324
1832,-1.45472388205463
1833,-0.871278474813469
1834,0.879057746910019
1835,-1.26024207964091
1836,-0.676796672399749
1837,-1.06576027722719
1838,0.879057746910019
1839,-1.26024207964091
1840,-1.45472388205463
1841,0.490094142082578
1842,-1.26024207964091
1843,1.26802135173746
1844,-1.06576027722719
1845,-1.06576027722719
1846,0.684575944496299
1847,-2.0381692892958
1848,-0.482314869986027
1849,0.879057746910019
1850,-0.0933512651585855
1851,-0.871278474813469
1852,2.43491216621979
1853,-0.482314869986027
1854,-1.06576027722719
1855,-0.482314869986027
1856,-1.26024207964091
1857,0.879057746910019
1858,0.879057746910019
1859,-0.676796672399749
1860,1.07353954932374
1861,-1.26024207964091
1862,-1.06576027722719
1863,-0.676796672399749
1864,-2.42713289412324
1865,-0.482314869986027
1866,0.101130537255136
1867,0.101130537255136
1868,0.879057746910019
1869,1.26802135173746
1870,-0.871278474813469
1871,0.490094142082578
1872,0.101130537255136
1873,-0.0933512651585855
1874,-0.482314869986027
1875,-0.0933512651585855
1876,0.101130537255136
1877,-2.23265109170952
1878,1.07353954932374
1879,-0.676796672399749
1880,-1.45472388205463
1881,-0.676796672399749
1882,-0.676796672399749
1883,-1.45472388205463
1884,-0.871278474813469
1885,-0.871278474813469
1886,1.07353954932374
1887,-1.06576027722719
1888,-0.287833067572306
1889,1.07353954932374
1890,-0.871278474813469
1891,-2.62161469653696
1892,-1.26024207964091
1893,-1.45472388205463
1894,-0.676796672399749
1895,-0.482314869986027
1896,-0.287833067572306
1897,-1.45472388205463
1898,-1.45472388205463
1899,-1.26024207964091
1900,0.101130537255136
1901,-1.06576027722719
1902,-1.26024207964091
1903,-1.45472388205463
1904,1.46250315415118
1905,1.07353954932374
1906,-1.26024207964091
1907,-1.26024207964091
1908,-0.287833067572306
1909,-0.871278474813469
1910,-1.26024207964091
1911,-0.287833067572306
1912,1.07353954932374
1913,-1.06576027722719
1914,-0.676796672399749
1915,-1.06576027722719
1916,0.101130537255136
1917,1.26802135173746
1918,-0.676796672399749
1919,-1.06576027722719
1920,0.879057746910019
1921,0.101130537255136
1922,0.490094142082578
1923,-0.482314869986027
1924,0.879057746910019
1925,0.490094142082578
1926,0.101130537255136
1927,0.490094142082578
1928,0.879057746910019
1929,-0.482314869986027
1930,-1.06576027722719
1931,-1.06576027722719
1932,0.101130537255136
1933,0.490094142082578
1934,-0.871278474813469
1935,-0.676796672399749
1936,1.07353954932374
1937,-1.26024207964091
1938,-1.26024207964091
1939,-0.287833067572306
1940,-0.871278474813469
1941,-0.871278474813469
1942,0.101130537255136
1943,-0.482314869986027
1944,-0.482314869986027
1945,0.101130537255136
1946,0.879057746910019
1947,-0.0933512651585855
1948,-0.287833067572306
1949,0.684575944496299
1950,0.101130537255136
1951,0.490094142082578
1952,0.684575944496299
1953,-0.482314869986027
1954,-0.287833067572306
1955,0.684575944496299
1956,0.879057746910019
1957,0.879057746910019
1958,0.879057746910019
1959,0.879057746910019
1960,0.879057746910019
1961,0.101130537255136
1962,0.490094142082578
1963,-0.0933512651585855
1964,0.879057746910019
1965,-0.0933512651585855
1966,0.879057746910019
1967,-1.06576027722719
1968,-0.287833067572306
1969,1.07353954932374
1970,0.879057746910019
1971,-0.676796672399749
1972,0.879057746910019
1973,0.684575944496299
1974,-1.06576027722719
1975,0.684575944496299
1976,0.684575944496299
1977,0.490094142082578
1978,-1.06576027722719
1979,0.879057746910019
1980,1.6569849565649
1981,-0.0933512651585855
1982,-0.676796672399749
1983,-0.676796672399749
1984,0.490094142082578
1985,1.07353954932374
1986,0.490094142082578
1987,-0.482314869986027
1988,0.879057746910019
1989,-1.06576027722719
1990,-1.26024207964091
1991,-0.287833067572306
1992,-0.0933512651585855
1993,0.684575944496299
1994,-1.06576027722719
1995,-0.871278474813469
1996,1.07353954932374
1997,0.879057746910019
1998,1.26802135173746
1999,-0.287833067572306
