,GP
0,-1.6275673146471
1,0.128816917215845
2,1.05322967082792
3,-1.07291966247986
4,0.0363756418546358
5,1.33055349691154
6,1.60787732299516
7,-2.36709751753676
8,-1.53512603928589
9,0.775905844744297
10,0.22125819257705
11,0.591023294021883
12,-1.81244986536952
13,0.406140743299465
14,-2.64442134362039
15,-0.51827201031261
16,-0.425830734951402
17,-2.8293038943428
18,-0.795595836396233
19,-1.35024348856348
20,0.128816917215845
21,0.128816917215845
22,-2.36709751753676
23,0.313699467938259
24,-0.795595836396233
25,-0.980478387118648
26,-0.240948184228988
27,-0.51827201031261
28,-2.45953879289797
29,-0.333389459590195
30,1.14567094618913
31,1.05322967082792
32,1.42299477227275
33,1.42299477227275
34,0.591023294021883
35,0.22125819257705
36,-0.610713285673817
37,-0.980478387118648
38,-0.703154561035026
39,0.591023294021883
40,-0.88803711175744
41,0.22125819257705
42,-0.703154561035026
43,-1.90489114073072
44,-1.99733241609193
45,1.60787732299516
46,-1.53512603928589
47,0.591023294021883
48,-1.53512603928589
49,0.868347120105503
50,-1.99733241609193
51,0.406140743299465
52,-0.795595836396233
53,-1.81244986536952
54,-0.51827201031261
55,-0.51827201031261
56,-0.51827201031261
57,-0.333389459590195
58,0.406140743299465
59,0.128816917215845
60,-0.333389459590195
61,-1.6275673146471
62,-1.6275673146471
63,-0.148506908867779
64,-0.795595836396233
65,-1.6275673146471
66,0.406140743299465
67,0.498582018660674
68,-0.795595836396233
69,-0.148506908867779
70,0.0363756418546358
71,1.33055349691154
72,0.498582018660674
73,1.97764242444
74,-0.0560656335065715
75,-0.980478387118648
76,-1.99733241609193
77,-1.90489114073072
78,-0.610713285673817
79,-1.44268476392469
80,-1.16536093784106
81,0.683464569383089
82,1.70031859835637
83,1.70031859835637
84,0.683464569383089
85,0.498582018660674
86,-3.56883409723246
87,-0.980478387118648
88,-0.980478387118648
89,-0.240948184228988
90,0.0363756418546358
91,-0.88803711175744
92,-1.25780221320227
93,-0.88803711175744
94,-0.88803711175744
95,-0.240948184228988
96,0.775905844744297
97,-0.980478387118648
98,-0.980478387118648
99,-0.425830734951402
100,-0.703154561035026
101,-1.07291966247986
102,-0.333389459590195
103,-0.795595836396233
104,-0.980478387118648
105,-0.980478387118648
106,-0.425830734951402
107,-1.35024348856348
108,-0.148506908867779
109,0.0363756418546358
110,-0.795595836396233
111,1.23811222155034
112,0.313699467938259
113,0.868347120105503
114,-0.88803711175744
115,-0.425830734951402
116,0.313699467938259
117,-0.51827201031261
118,0.0363756418546358
119,0.128816917215845
120,-0.425830734951402
121,1.14567094618913
122,0.775905844744297
123,-0.333389459590195
124,-0.333389459590195
125,-0.0560656335065715
126,-0.88803711175744
127,0.498582018660674
128,-0.703154561035026
129,0.498582018660674
130,-0.333389459590195
131,-0.980478387118648
132,-1.25780221320227
133,0.498582018660674
134,-0.333389459590195
135,-1.16536093784106
136,-0.333389459590195
137,0.591023294021883
138,0.683464569383089
139,0.683464569383089
140,0.128816917215845
141,0.591023294021883
142,-0.88803711175744
143,0.406140743299465
144,-0.333389459590195
145,-0.425830734951402
146,0.498582018660674
147,-0.148506908867779
148,-2.08977369145314
149,2.16252497516241
150,2.53229007660724
151,0.0363756418546358
152,-0.51827201031261
153,-0.333389459590195
154,0.591023294021883
155,-0.333389459590195
156,-0.333389459590195
157,-0.148506908867779
158,0.406140743299465
159,0.313699467938259
160,0.128816917215845
161,0.960788395466712
162,-0.88803711175744
163,0.22125819257705
164,0.0363756418546358
165,-0.0560656335065715
166,1.88520114907879
167,-0.148506908867779
168,-1.72000859000831
169,0.683464569383089
170,0.128816917215845
171,-1.07291966247986
172,1.05322967082792
173,-1.35024348856348
174,-0.795595836396233
175,-0.980478387118648
176,-0.88803711175744
177,0.313699467938259
178,0.406140743299465
179,0.22125819257705
180,-0.148506908867779
181,-0.51827201031261
182,-0.703154561035026
183,-0.610713285673817
184,0.683464569383089
185,-0.980478387118648
186,1.97764242444
187,1.42299477227275
188,-0.980478387118648
189,-0.88803711175744
190,-0.88803711175744
191,-0.425830734951402
192,-1.44268476392469
193,1.97764242444
194,0.0363756418546358
195,-1.35024348856348
196,-0.333389459590195
197,-0.795595836396233
198,1.60787732299516
199,0.775905844744297
200,0.313699467938259
201,1.14567094618913
202,0.498582018660674
203,1.70031859835637
204,-0.148506908867779
205,1.05322967082792
206,-0.703154561035026
207,-0.240948184228988
208,0.683464569383089
209,-0.795595836396233
210,-0.88803711175744
211,2.25496625052362
212,1.60787732299516
213,1.42299477227275
214,0.313699467938259
215,0.313699467938259
216,0.406140743299465
217,-0.425830734951402
218,0.775905844744297
219,1.05322967082792
220,-0.703154561035026
221,0.406140743299465
222,-1.35024348856348
223,0.868347120105503
224,0.868347120105503
225,-0.425830734951402
226,0.868347120105503
227,1.51543604763396
228,-1.44268476392469
229,1.23811222155034
230,1.51543604763396
231,1.14567094618913
232,-1.35024348856348
233,-2.27465624217555
234,-0.610713285673817
235,-0.980478387118648
236,-0.333389459590195
237,-1.25780221320227
238,1.51543604763396
239,-1.53512603928589
240,0.313699467938259
241,-1.6275673146471
242,-0.88803711175744
243,-0.980478387118648
244,-0.795595836396233
245,-0.240948184228988
246,1.33055349691154
247,1.14567094618913
248,-0.333389459590195
249,-0.0560656335065715
250,0.868347120105503
251,-0.425830734951402
252,-0.88803711175744
253,0.406140743299465
254,-0.610713285673817
255,0.960788395466712
256,-0.425830734951402
257,0.591023294021883
258,0.868347120105503
259,0.22125819257705
260,1.23811222155034
261,1.14567094618913
262,0.313699467938259
263,2.0700836998012
264,1.42299477227275
265,-0.240948184228988
266,0.313699467938259
267,-0.795595836396233
268,-1.90489114073072
269,1.23811222155034
270,0.775905844744297
271,-1.25780221320227
272,-0.610713285673817
273,1.42299477227275
274,1.05322967082792
275,0.775905844744297
276,0.406140743299465
277,-1.6275673146471
278,0.22125819257705
279,1.33055349691154
280,0.0363756418546358
281,-1.72000859000831
282,0.960788395466712
283,0.775905844744297
284,0.128816917215845
285,0.591023294021883
286,0.591023294021883
287,0.683464569383089
288,-0.333389459590195
289,0.498582018660674
290,1.33055349691154
291,-0.51827201031261
292,0.0363756418546358
293,1.70031859835637
294,0.22125819257705
295,0.683464569383089
296,-0.88803711175744
297,0.591023294021883
298,-0.425830734951402
299,0.22125819257705
300,0.313699467938259
301,0.775905844744297
302,-0.703154561035026
303,1.79275987371758
304,1.05322967082792
305,1.70031859835637
306,-0.425830734951402
307,-0.51827201031261
308,0.0363756418546358
309,1.23811222155034
310,0.498582018660674
311,-0.333389459590195
312,-1.16536093784106
313,0.128816917215845
314,-0.148506908867779
315,0.313699467938259
316,1.51543604763396
317,-0.333389459590195
318,-0.333389459590195
319,0.775905844744297
320,2.16252497516241
321,-0.703154561035026
322,-0.51827201031261
323,-0.610713285673817
324,-0.610713285673817
325,1.05322967082792
326,0.683464569383089
327,-0.425830734951402
328,-0.148506908867779
329,0.498582018660674
330,0.128816917215845
331,-0.0560656335065715
332,-1.99733241609193
333,0.406140743299465
334,-0.610713285673817
335,-0.980478387118648
336,1.33055349691154
337,-0.148506908867779
338,0.775905844744297
339,1.51543604763396
340,1.14567094618913
341,0.775905844744297
342,1.79275987371758
343,0.313699467938259
344,0.683464569383089
345,1.23811222155034
346,2.34740752588483
347,-2.36709751753676
348,0.0363756418546358
349,2.25496625052362
350,0.868347120105503
351,-0.88803711175744
352,0.591023294021883
353,-0.0560656335065715
354,0.128816917215845
355,-0.610713285673817
356,1.05322967082792
357,0.868347120105503
358,-1.25780221320227
359,-0.795595836396233
360,-0.88803711175744
361,0.0363756418546358
362,-0.980478387118648
363,-0.240948184228988
364,-0.703154561035026
365,-1.35024348856348
366,-1.44268476392469
367,-0.980478387118648
368,-0.425830734951402
369,-0.0560656335065715
370,-0.703154561035026
371,-0.0560656335065715
372,-0.51827201031261
373,-0.0560656335065715
374,-0.333389459590195
375,-0.240948184228988
376,1.05322967082792
377,-0.425830734951402
378,0.406140743299465
379,2.71717262732966
380,0.0363756418546358
381,-0.795595836396233
382,0.775905844744297
383,0.868347120105503
384,-1.53512603928589
385,-1.16536093784106
386,-0.425830734951402
387,-0.703154561035026
388,1.14567094618913
389,0.313699467938259
390,-0.88803711175744
391,0.22125819257705
392,0.22125819257705
393,-0.148506908867779
394,-0.425830734951402
395,-1.07291966247986
396,-1.53512603928589
397,-2.45953879289797
398,1.42299477227275
399,-2.18221496681435
400,-0.333389459590195
401,-1.35024348856348
402,-0.88803711175744
403,-1.07291966247986
404,-0.0560656335065715
405,0.128816917215845
406,1.14567094618913
407,-1.6275673146471
408,1.51543604763396
409,0.498582018660674
410,-1.90489114073072
411,0.868347120105503
412,-0.0560656335065715
413,-0.610713285673817
414,-0.795595836396233
415,0.0363756418546358
416,1.05322967082792
417,0.128816917215845
418,0.591023294021883
419,2.90205517805207
420,-1.53512603928589
421,-1.99733241609193
422,-1.44268476392469
423,0.591023294021883
424,-0.51827201031261
425,-1.35024348856348
426,0.128816917215845
427,-0.425830734951402
428,-0.425830734951402
429,0.406140743299465
430,1.05322967082792
431,1.70031859835637
432,1.14567094618913
433,0.868347120105503
434,-2.18221496681435
435,-2.08977369145314
436,1.70031859835637
437,-1.6275673146471
438,-0.425830734951402
439,-0.795595836396233
440,-0.610713285673817
441,-0.610713285673817
442,0.22125819257705
443,-0.425830734951402
444,-1.07291966247986
445,-1.53512603928589
446,-1.25780221320227
447,-1.72000859000831
448,-1.16536093784106
449,-2.55198006825918
450,-1.07291966247986
451,-1.90489114073072
452,-1.44268476392469
453,1.05322967082792
454,-2.55198006825918
455,-0.88803711175744
456,-1.07291966247986
457,-2.45953879289797
458,-1.53512603928589
459,0.683464569383089
460,-1.25780221320227
461,2.53229007660724
462,0.313699467938259
463,-0.148506908867779
464,0.0363756418546358
465,-1.35024348856348
466,-1.53512603928589
467,0.868347120105503
468,-0.703154561035026
469,0.128816917215845
470,-1.44268476392469
471,-0.240948184228988
472,-1.53512603928589
473,-1.44268476392469
474,-0.51827201031261
475,0.128816917215845
476,-0.51827201031261
477,-0.51827201031261
478,1.33055349691154
479,0.22125819257705
480,0.0363756418546358
481,-0.795595836396233
482,-1.25780221320227
483,-0.425830734951402
484,-0.425830734951402
485,1.79275987371758
486,-1.16536093784106
487,-2.55198006825918
488,1.05322967082792
489,-0.240948184228988
490,-0.425830734951402
491,-0.148506908867779
492,-1.6275673146471
493,-1.53512603928589
494,-0.51827201031261
495,-0.240948184228988
496,-0.51827201031261
497,2.53229007660724
498,-1.16536093784106
499,0.683464569383089
500,1.33055349691154
501,0.498582018660674
502,-0.703154561035026
503,0.498582018660674
504,0.498582018660674
505,0.591023294021883
506,-0.240948184228988
507,0.0363756418546358
508,-0.88803711175744
509,-1.25780221320227
510,0.313699467938259
511,0.498582018660674
512,-1.07291966247986
513,1.60787732299516
514,0.591023294021883
515,-1.44268476392469
516,-0.88803711175744
517,-1.16536093784106
518,-0.0560656335065715
519,-1.07291966247986
520,-1.16536093784106
521,0.313699467938259
522,0.591023294021883
523,0.868347120105503
524,-1.53512603928589
525,-1.90489114073072
526,1.97764242444
527,-2.55198006825918
528,0.775905844744297
529,0.775905844744297
530,-0.240948184228988
531,0.868347120105503
532,1.05322967082792
533,0.0363756418546358
534,2.34740752588483
535,-1.07291966247986
536,-0.703154561035026
537,0.775905844744297
538,-0.148506908867779
539,-0.425830734951402
540,-1.07291966247986
541,-0.425830734951402
542,1.33055349691154
543,-0.333389459590195
544,-0.703154561035026
545,0.775905844744297
546,-1.16536093784106
547,-0.148506908867779
548,-0.980478387118648
549,-0.610713285673817
550,-1.25780221320227
551,0.868347120105503
552,-0.980478387118648
553,1.23811222155034
554,-0.610713285673817
555,0.591023294021883
556,0.22125819257705
557,0.0363756418546358
558,0.775905844744297
559,0.128816917215845
560,-1.35024348856348
561,-0.51827201031261
562,0.683464569383089
563,0.0363756418546358
564,-0.980478387118648
565,-0.980478387118648
566,-0.610713285673817
567,-1.07291966247986
568,-0.88803711175744
569,2.80961390269086
570,0.313699467938259
571,0.22125819257705
572,0.406140743299465
573,0.128816917215845
574,0.775905844744297
575,0.313699467938259
576,-0.148506908867779
577,-0.703154561035026
578,1.42299477227275
579,-0.333389459590195
580,0.313699467938259
581,-0.425830734951402
582,1.33055349691154
583,-0.333389459590195
584,-0.148506908867779
585,0.406140743299465
586,2.34740752588483
587,1.33055349691154
588,-0.333389459590195
589,-0.0560656335065715
590,-0.795595836396233
591,-0.240948184228988
592,0.683464569383089
593,-0.333389459590195
594,0.498582018660674
595,-0.333389459590195
596,0.960788395466712
597,0.960788395466712
598,0.0363756418546358
599,1.05322967082792
600,0.406140743299465
601,-0.240948184228988
602,0.22125819257705
603,-0.703154561035026
604,0.775905844744297
605,-0.333389459590195
606,2.71717262732966
607,1.05322967082792
608,0.128816917215845
609,0.313699467938259
610,-0.0560656335065715
611,-0.240948184228988
612,0.868347120105503
613,0.22125819257705
614,-0.0560656335065715
615,-1.07291966247986
616,-1.16536093784106
617,-0.333389459590195
618,-0.425830734951402
619,0.313699467938259
620,-0.333389459590195
621,-0.240948184228988
622,0.498582018660674
623,-0.333389459590195
624,0.591023294021883
625,0.960788395466712
626,0.22125819257705
627,-0.0560656335065715
628,-0.0560656335065715
629,-0.0560656335065715
630,0.313699467938259
631,-0.703154561035026
632,1.14567094618913
633,-0.980478387118648
634,0.498582018660674
635,0.406140743299465
636,0.0363756418546358
637,-1.25780221320227
638,0.868347120105503
639,-0.240948184228988
640,0.22125819257705
641,0.591023294021883
642,-0.51827201031261
643,1.23811222155034
644,-0.703154561035026
645,0.0363756418546358
646,0.22125819257705
647,-0.795595836396233
648,0.868347120105503
649,0.775905844744297
650,0.683464569383089
651,-0.425830734951402
652,-0.425830734951402
653,-0.51827201031261
654,-1.16536093784106
655,1.05322967082792
656,0.406140743299465
657,-0.795595836396233
658,-0.610713285673817
659,1.05322967082792
660,-1.16536093784106
661,-0.425830734951402
662,0.498582018660674
663,0.22125819257705
664,0.313699467938259
665,0.0363756418546358
666,-0.148506908867779
667,0.775905844744297
668,0.22125819257705
669,1.23811222155034
670,-0.703154561035026
671,1.42299477227275
672,0.775905844744297
673,0.22125819257705
674,0.22125819257705
675,0.775905844744297
676,0.591023294021883
677,-0.0560656335065715
678,-0.425830734951402
679,0.313699467938259
680,-0.610713285673817
681,0.313699467938259
682,-0.51827201031261
683,-0.425830734951402
684,-0.148506908867779
685,-0.148506908867779
686,1.79275987371758
687,-1.72000859000831
688,-0.51827201031261
689,-0.425830734951402
690,-0.148506908867779
691,2.16252497516241
692,0.868347120105503
693,0.313699467938259
694,-0.333389459590195
695,0.0363756418546358
696,0.868347120105503
697,1.60787732299516
698,-0.333389459590195
699,-1.44268476392469
700,-0.240948184228988
701,-0.51827201031261
702,1.14567094618913
703,0.128816917215845
704,-0.610713285673817
705,0.775905844744297
706,1.05322967082792
707,-1.16536093784106
708,-0.148506908867779
709,-0.0560656335065715
710,-0.148506908867779
711,-0.148506908867779
712,-0.0560656335065715
713,1.70031859835637
714,0.683464569383089
715,-0.88803711175744
716,-0.795595836396233
717,1.23811222155034
718,0.22125819257705
719,0.498582018660674
720,0.128816917215845
721,-0.333389459590195
722,0.683464569383089
723,1.14567094618913
724,0.591023294021883
725,0.128816917215845
726,-0.148506908867779
727,-0.240948184228988
728,-0.51827201031261
729,2.71717262732966
730,0.775905844744297
731,1.42299477227275
732,-1.07291966247986
733,-1.07291966247986
734,-1.6275673146471
735,-1.72000859000831
736,1.05322967082792
737,-0.88803711175744
738,-0.0560656335065715
739,0.128816917215845
740,-0.795595836396233
741,-0.333389459590195
742,1.23811222155034
743,1.60787732299516
744,1.79275987371758
745,0.313699467938259
746,0.406140743299465
747,0.406140743299465
748,0.683464569383089
749,1.05322967082792
750,0.683464569383089
751,0.775905844744297
752,0.0363756418546358
753,1.23811222155034
754,-0.88803711175744
755,-0.425830734951402
756,-0.333389459590195
757,1.60787732299516
758,1.60787732299516
759,1.42299477227275
760,-0.333389459590195
761,0.22125819257705
762,0.406140743299465
763,1.79275987371758
764,-0.51827201031261
765,0.406140743299465
766,-0.703154561035026
767,-0.148506908867779
768,1.97764242444
769,1.60787732299516
770,-0.610713285673817
771,1.42299477227275
772,2.34740752588483
773,0.0363756418546358
774,-0.333389459590195
775,-0.51827201031261
776,1.23811222155034
777,0.591023294021883
778,1.88520114907879
779,0.406140743299465
780,1.88520114907879
781,1.79275987371758
782,0.128816917215845
783,0.313699467938259
784,1.42299477227275
785,0.591023294021883
786,-0.148506908867779
787,-0.88803711175744
788,-0.240948184228988
789,-0.980478387118648
790,-0.333389459590195
791,2.71717262732966
792,0.128816917215845
793,-0.703154561035026
794,-0.425830734951402
795,2.25496625052362
796,-0.980478387118648
797,1.88520114907879
798,2.25496625052362
799,-0.703154561035026
800,0.406140743299465
801,1.33055349691154
802,-1.07291966247986
803,0.313699467938259
804,0.498582018660674
805,0.498582018660674
806,1.05322967082792
807,-1.44268476392469
808,1.05322967082792
809,0.591023294021883
810,-0.980478387118648
811,0.0363756418546358
812,-1.16536093784106
813,-0.703154561035026
814,-1.44268476392469
815,-0.333389459590195
816,-1.25780221320227
817,-0.51827201031261
818,1.23811222155034
819,1.14567094618913
820,0.498582018660674
821,-0.795595836396233
822,0.960788395466712
823,1.05322967082792
824,0.591023294021883
825,0.498582018660674
826,-0.0560656335065715
827,0.775905844744297
828,-0.333389459590195
829,-0.240948184228988
830,0.22125819257705
831,-1.35024348856348
832,0.498582018660674
833,-0.333389459590195
834,-0.703154561035026
835,0.0363756418546358
836,0.498582018660674
837,-0.795595836396233
838,0.22125819257705
839,-0.240948184228988
840,-0.51827201031261
841,-0.51827201031261
842,-0.88803711175744
843,-1.16536093784106
844,0.313699467938259
845,-0.148506908867779
846,0.775905844744297
847,1.60787732299516
848,1.42299477227275
849,-0.703154561035026
850,1.33055349691154
851,-0.0560656335065715
852,-0.51827201031261
853,-1.35024348856348
854,-0.51827201031261
855,-0.610713285673817
856,-0.51827201031261
857,0.128816917215845
858,-0.610713285673817
859,0.498582018660674
860,-0.703154561035026
861,-0.240948184228988
862,0.22125819257705
863,-0.240948184228988
864,0.406140743299465
865,-0.795595836396233
866,0.406140743299465
867,0.498582018660674
868,0.591023294021883
869,-0.240948184228988
870,0.498582018660674
871,0.868347120105503
872,0.498582018660674
873,1.05322967082792
874,0.313699467938259
875,-1.07291966247986
876,0.0363756418546358
877,-0.610713285673817
878,0.591023294021883
879,-0.51827201031261
880,0.128816917215845
881,-0.240948184228988
882,-1.07291966247986
883,0.128816917215845
884,0.868347120105503
885,0.868347120105503
886,-0.610713285673817
887,0.775905844744297
888,-0.980478387118648
889,0.498582018660674
890,0.0363756418546358
891,0.313699467938259
892,-0.0560656335065715
893,1.14567094618913
894,2.0700836998012
895,-1.35024348856348
896,-0.703154561035026
897,-0.333389459590195
898,-0.148506908867779
899,-0.703154561035026
900,0.775905844744297
901,0.498582018660674
902,1.23811222155034
903,0.22125819257705
904,0.591023294021883
905,-0.795595836396233
906,-0.240948184228988
907,1.14567094618913
908,0.868347120105503
909,-0.425830734951402
910,1.70031859835637
911,1.42299477227275
912,1.33055349691154
913,-0.980478387118648
914,0.0363756418546358
915,0.22125819257705
916,0.591023294021883
917,-0.425830734951402
918,-0.610713285673817
919,1.14567094618913
920,-0.148506908867779
921,1.23811222155034
922,0.406140743299465
923,-0.240948184228988
924,1.70031859835637
925,0.498582018660674
926,0.960788395466712
927,0.775905844744297
928,-0.703154561035026
929,0.313699467938259
930,0.683464569383089
931,0.683464569383089
932,-0.148506908867779
933,0.868347120105503
934,0.0363756418546358
935,-0.148506908867779
936,1.05322967082792
937,0.868347120105503
938,2.43984880124604
939,0.313699467938259
940,1.60787732299516
941,0.960788395466712
942,1.70031859835637
943,1.70031859835637
944,1.60787732299516
945,-0.333389459590195
946,1.42299477227275
947,0.591023294021883
948,0.406140743299465
949,-0.333389459590195
950,0.313699467938259
951,1.60787732299516
952,0.775905844744297
953,0.22125819257705
954,0.775905844744297
955,1.42299477227275
956,0.22125819257705
957,-0.610713285673817
958,1.14567094618913
959,1.51543604763396
960,-1.90489114073072
961,-0.425830734951402
962,1.05322967082792
963,-0.88803711175744
964,-0.425830734951402
965,0.960788395466712
966,0.683464569383089
967,0.498582018660674
968,-2.08977369145314
969,1.14567094618913
970,0.22125819257705
971,-0.51827201031261
972,0.406140743299465
973,1.88520114907879
974,0.775905844744297
975,-1.35024348856348
976,-1.16536093784106
977,-0.703154561035026
978,0.128816917215845
979,-0.703154561035026
980,0.0363756418546358
981,-0.240948184228988
982,-0.0560656335065715
983,-0.240948184228988
984,1.05322967082792
985,0.868347120105503
986,0.683464569383089
987,-0.795595836396233
988,-0.610713285673817
989,0.498582018660674
990,0.591023294021883
991,-0.333389459590195
992,0.591023294021883
993,0.868347120105503
994,1.51543604763396
995,0.868347120105503
996,0.0363756418546358
997,0.683464569383089
998,-0.240948184228988
999,-0.88803711175744
1000,0.313699467938259
1001,0.128816917215845
1002,-1.16536093784106
1003,0.128816917215845
1004,-0.51827201031261
1005,0.22125819257705
1006,1.23811222155034
1007,0.128816917215845
1008,0.406140743299465
1009,0.0363756418546358
1010,-0.333389459590195
1011,-0.88803711175744
1012,0.0363756418546358
1013,0.868347120105503
1014,0.498582018660674
1015,-0.610713285673817
1016,0.591023294021883
1017,0.775905844744297
1018,0.406140743299465
1019,-0.610713285673817
1020,0.128816917215845
1021,0.591023294021883
1022,-0.610713285673817
1023,0.406140743299465
1024,-0.795595836396233
1025,0.498582018660674
1026,0.22125819257705
1027,-2.55198006825918
1028,0.498582018660674
1029,0.960788395466712
1030,0.498582018660674
1031,-2.36709751753676
1032,-0.240948184228988
1033,-1.16536093784106
1034,1.60787732299516
1035,-0.0560656335065715
1036,-0.980478387118648
1037,-0.240948184228988
1038,0.406140743299465
1039,0.128816917215845
1040,0.591023294021883
1041,1.51543604763396
1042,-0.0560656335065715
1043,2.0700836998012
1044,-0.610713285673817
1045,-0.795595836396233
1046,1.42299477227275
1047,1.33055349691154
1048,0.0363756418546358
1049,0.591023294021883
1050,4.10379175774777
1051,0.0363756418546358
1052,-0.425830734951402
1053,0.22125819257705
1054,1.23811222155034
1055,0.0363756418546358
1056,0.406140743299465
1057,2.43984880124604
1058,-0.240948184228988
1059,-0.610713285673817
1060,-0.333389459590195
1061,3.45670283021932
1062,0.498582018660674
1063,0.406140743299465
1064,-0.51827201031261
1065,-1.16536093784106
1066,0.0363756418546358
1067,-0.240948184228988
1068,-0.88803711175744
1069,-2.36709751753676
1070,-1.25780221320227
1071,-2.36709751753676
1072,-0.148506908867779
1073,-0.51827201031261
1074,0.591023294021883
1075,-0.703154561035026
1076,-0.795595836396233
1077,-0.703154561035026
1078,1.23811222155034
1079,0.868347120105503
1080,1.60787732299516
1081,0.313699467938259
1082,0.0363756418546358
1083,1.05322967082792
1084,-0.148506908867779
1085,1.33055349691154
1086,0.406140743299465
1087,0.868347120105503
1088,1.05322967082792
1089,1.33055349691154
1090,-0.148506908867779
1091,-0.148506908867779
1092,-0.51827201031261
1093,0.498582018660674
1094,1.23811222155034
1095,-0.610713285673817
1096,0.498582018660674
1097,-0.0560656335065715
1098,0.591023294021883
1099,1.42299477227275
1100,-0.88803711175744
1101,0.683464569383089
1102,-0.795595836396233
1103,-1.6275673146471
1104,1.05322967082792
1105,1.05322967082792
1106,0.775905844744297
1107,-0.703154561035026
1108,0.498582018660674
1109,1.79275987371758
1110,0.591023294021883
1111,1.88520114907879
1112,1.14567094618913
1113,0.960788395466712
1114,0.0363756418546358
1115,1.79275987371758
1116,-1.25780221320227
1117,1.14567094618913
1118,0.0363756418546358
1119,-1.25780221320227
1120,0.406140743299465
1121,0.406140743299465
1122,-0.980478387118648
1123,-0.425830734951402
1124,-0.88803711175744
1125,0.313699467938259
1126,0.0363756418546358
1127,0.313699467938259
1128,0.313699467938259
1129,-0.240948184228988
1130,-0.795595836396233
1131,-1.81244986536952
1132,0.960788395466712
1133,-0.240948184228988
1134,-0.795595836396233
1135,-0.51827201031261
1136,-0.333389459590195
1137,-0.148506908867779
1138,0.0363756418546358
1139,0.22125819257705
1140,-1.35024348856348
1141,0.313699467938259
1142,-1.81244986536952
1143,-1.44268476392469
1144,-1.25780221320227
1145,-0.240948184228988
1146,0.683464569383089
1147,1.42299477227275
1148,0.128816917215845
1149,-0.148506908867779
1150,-0.795595836396233
1151,1.14567094618913
1152,-0.88803711175744
1153,0.313699467938259
1154,0.960788395466712
1155,0.0363756418546358
1156,-1.16536093784106
1157,-0.425830734951402
1158,-0.0560656335065715
1159,1.70031859835637
1160,-0.795595836396233
1161,-0.703154561035026
1162,-0.333389459590195
1163,-0.148506908867779
1164,0.0363756418546358
1165,-0.0560656335065715
1166,-1.25780221320227
1167,0.22125819257705
1168,-1.07291966247986
1169,-0.980478387118648
1170,-0.51827201031261
1171,-0.703154561035026
1172,-0.980478387118648
1173,-0.425830734951402
1174,-0.980478387118648
1175,-1.25780221320227
1176,-1.6275673146471
1177,0.22125819257705
1178,-1.44268476392469
1179,-1.25780221320227
1180,-0.980478387118648
1181,-0.148506908867779
1182,2.43984880124604
1183,1.14567094618913
1184,0.0363756418546358
1185,1.51543604763396
1186,1.14567094618913
1187,0.591023294021883
1188,0.498582018660674
1189,-0.0560656335065715
1190,1.42299477227275
1191,0.128816917215845
1192,1.23811222155034
1193,1.42299477227275
1194,1.51543604763396
1195,0.406140743299465
1196,-0.240948184228988
1197,0.775905844744297
1198,-0.240948184228988
1199,0.0363756418546358
1200,-0.333389459590195
1201,0.775905844744297
1202,0.128816917215845
1203,-1.25780221320227
1204,-0.610713285673817
1205,-0.980478387118648
1206,-0.425830734951402
1207,1.14567094618913
1208,0.591023294021883
1209,1.05322967082792
1210,0.22125819257705
1211,-1.25780221320227
1212,0.683464569383089
1213,-1.25780221320227
1214,0.683464569383089
1215,-0.0560656335065715
1216,-0.148506908867779
1217,-0.795595836396233
1218,0.960788395466712
1219,1.05322967082792
1220,0.0363756418546358
1221,-0.333389459590195
1222,1.33055349691154
1223,-0.333389459590195
1224,2.25496625052362
1225,3.45670283021932
1226,1.51543604763396
1227,1.70031859835637
1228,0.128816917215845
1229,1.33055349691154
1230,-0.51827201031261
1231,1.14567094618913
1232,0.406140743299465
1233,2.0700836998012
1234,0.313699467938259
1235,1.42299477227275
1236,0.22125819257705
1237,0.868347120105503
1238,1.14567094618913
1239,0.22125819257705
1240,3.17937900413569
1241,1.60787732299516
1242,1.79275987371758
1243,1.42299477227275
1244,-0.240948184228988
1245,1.14567094618913
1246,1.42299477227275
1247,1.05322967082792
1248,-1.25780221320227
1249,0.406140743299465
1250,0.960788395466712
1251,-1.07291966247986
1252,1.23811222155034
1253,0.960788395466712
1254,0.683464569383089
1255,-0.0560656335065715
1256,1.14567094618913
1257,-0.425830734951402
1258,0.128816917215845
1259,-1.16536093784106
1260,-0.51827201031261
1261,0.128816917215845
1262,-0.703154561035026
1263,0.22125819257705
1264,-0.980478387118648
1265,-0.795595836396233
1266,-1.44268476392469
1267,-0.425830734951402
1268,-0.610713285673817
1269,-1.44268476392469
1270,-0.88803711175744
1271,0.128816917215845
1272,0.406140743299465
1273,-0.795595836396233
1274,-0.333389459590195
1275,-0.51827201031261
1276,-0.703154561035026
1277,-1.35024348856348
1278,-0.148506908867779
1279,0.406140743299465
1280,1.42299477227275
1281,0.591023294021883
1282,-0.88803711175744
1283,-0.0560656335065715
1284,0.128816917215845
1285,0.313699467938259
1286,0.0363756418546358
1287,-0.610713285673817
1288,-0.148506908867779
1289,0.406140743299465
1290,-0.795595836396233
1291,-0.610713285673817
1292,0.22125819257705
1293,0.775905844744297
1294,-0.240948184228988
1295,0.22125819257705
1296,-1.44268476392469
1297,-0.425830734951402
1298,-0.610713285673817
1299,-0.333389459590195
1300,-0.51827201031261
1301,-0.425830734951402
1302,-0.425830734951402
1303,-0.240948184228988
1304,-0.425830734951402
1305,-0.333389459590195
1306,-0.0560656335065715
1307,-0.610713285673817
1308,-0.610713285673817
1309,-0.88803711175744
1310,-0.240948184228988
1311,-0.610713285673817
1312,-0.0560656335065715
1313,-0.51827201031261
1314,-0.980478387118648
1315,-0.240948184228988
1316,-0.980478387118648
1317,-0.703154561035026
1318,-1.44268476392469
1319,-0.703154561035026
1320,-0.333389459590195
1321,-0.333389459590195
1322,0.498582018660674
1323,-0.703154561035026
1324,-1.35024348856348
1325,-0.980478387118648
1326,-0.425830734951402
1327,0.0363756418546358
1328,0.0363756418546358
1329,-1.72000859000831
1330,-0.148506908867779
1331,1.23811222155034
1332,0.0363756418546358
1333,-0.240948184228988
1334,0.0363756418546358
1335,0.683464569383089
1336,-0.703154561035026
1337,-1.6275673146471
1338,-0.980478387118648
1339,-0.0560656335065715
1340,-0.148506908867779
1341,0.0363756418546358
1342,-0.0560656335065715
1343,1.70031859835637
1344,0.22125819257705
1345,2.25496625052362
1346,1.79275987371758
1347,0.498582018660674
1348,0.775905844744297
1349,0.128816917215845
1350,-0.610713285673817
1351,0.22125819257705
1352,-1.6275673146471
1353,0.22125819257705
1354,0.0363756418546358
1355,-0.703154561035026
1356,0.22125819257705
1357,0.0363756418546358
1358,-0.240948184228988
1359,0.0363756418546358
1360,0.0363756418546358
1361,0.406140743299465
1362,0.868347120105503
1363,-0.240948184228988
1364,-0.148506908867779
1365,-0.88803711175744
1366,1.70031859835637
1367,0.22125819257705
1368,0.498582018660674
1369,-0.0560656335065715
1370,0.128816917215845
1371,-0.610713285673817
1372,1.42299477227275
1373,0.591023294021883
1374,0.22125819257705
1375,-0.425830734951402
1376,1.79275987371758
1377,-0.333389459590195
1378,-0.0560656335065715
1379,-0.148506908867779
1380,-0.425830734951402
1381,-0.0560656335065715
1382,-0.333389459590195
1383,-0.333389459590195
1384,-0.425830734951402
1385,-0.240948184228988
1386,0.128816917215845
1387,0.775905844744297
1388,0.406140743299465
1389,-0.240948184228988
1390,1.79275987371758
1391,0.591023294021883
1392,2.0700836998012
1393,1.60787732299516
1394,2.80961390269086
1395,0.960788395466712
1396,-0.0560656335065715
1397,-0.240948184228988
1398,0.22125819257705
1399,-1.16536093784106
1400,-0.333389459590195
1401,-0.795595836396233
1402,1.88520114907879
1403,-2.08977369145314
1404,-1.6275673146471
1405,-1.44268476392469
1406,1.23811222155034
1407,0.313699467938259
1408,0.406140743299465
1409,-0.0560656335065715
1410,0.868347120105503
1411,1.79275987371758
1412,-0.240948184228988
1413,-1.16536093784106
1414,0.683464569383089
1415,2.25496625052362
1416,-0.425830734951402
1417,0.406140743299465
1418,0.960788395466712
1419,1.14567094618913
1420,1.97764242444
1421,1.88520114907879
1422,-0.148506908867779
1423,0.22125819257705
1424,0.22125819257705
1425,0.868347120105503
1426,0.591023294021883
1427,0.868347120105503
1428,0.775905844744297
1429,-0.0560656335065715
1430,0.498582018660674
1431,-0.51827201031261
1432,-0.980478387118648
1433,-0.240948184228988
1434,1.51543604763396
1435,-0.333389459590195
1436,-1.25780221320227
1437,-0.333389459590195
1438,-2.55198006825918
1439,-0.240948184228988
1440,-0.795595836396233
1441,-0.425830734951402
1442,0.960788395466712
1443,0.22125819257705
1444,-0.333389459590195
1445,0.406140743299465
1446,1.60787732299516
1447,-1.16536093784106
1448,1.05322967082792
1449,-0.610713285673817
1450,-1.6275673146471
1451,-1.16536093784106
1452,-1.53512603928589
1453,0.775905844744297
1454,-2.08977369145314
1455,-1.53512603928589
1456,-1.81244986536952
1457,-0.0560656335065715
1458,0.683464569383089
1459,1.42299477227275
1460,0.406140743299465
1461,0.313699467938259
1462,0.0363756418546358
1463,1.51543604763396
1464,-0.148506908867779
1465,-1.07291966247986
1466,-0.610713285673817
1467,-0.425830734951402
1468,-0.0560656335065715
1469,1.51543604763396
1470,0.22125819257705
1471,0.0363756418546358
1472,-0.980478387118648
1473,0.683464569383089
1474,1.23811222155034
1475,0.498582018660674
1476,-0.0560656335065715
1477,1.05322967082792
1478,0.868347120105503
1479,-1.16536093784106
1480,0.498582018660674
1481,-1.07291966247986
1482,-0.703154561035026
1483,0.775905844744297
1484,1.51543604763396
1485,1.42299477227275
1486,0.0363756418546358
1487,-0.333389459590195
1488,0.498582018660674
1489,-0.51827201031261
1490,0.683464569383089
1491,-0.610713285673817
1492,-0.148506908867779
1493,-1.16536093784106
1494,0.22125819257705
1495,0.591023294021883
1496,1.51543604763396
1497,0.313699467938259
1498,-0.148506908867779
1499,0.313699467938259
1500,-1.53512603928589
1501,0.0363756418546358
1502,0.313699467938259
1503,0.775905844744297
1504,-0.88803711175744
1505,-0.240948184228988
1506,2.43984880124604
1507,1.42299477227275
1508,0.406140743299465
1509,0.868347120105503
1510,1.51543604763396
1511,0.406140743299465
1512,2.99449645341328
1513,2.71717262732966
1514,0.0363756418546358
1515,2.25496625052362
1516,-0.240948184228988
1517,-0.51827201031261
1518,1.14567094618913
1519,-0.610713285673817
1520,0.406140743299465
1521,0.683464569383089
1522,-0.0560656335065715
1523,0.0363756418546358
1524,0.683464569383089
1525,0.868347120105503
1526,-1.44268476392469
1527,1.70031859835637
1528,1.51543604763396
1529,0.591023294021883
1530,-0.148506908867779
1531,-0.88803711175744
1532,1.05322967082792
1533,-0.51827201031261
1534,-0.240948184228988
1535,-0.0560656335065715
1536,0.498582018660674
1537,0.128816917215845
1538,-0.0560656335065715
1539,-0.703154561035026
1540,-0.333389459590195
1541,1.51543604763396
1542,-0.795595836396233
1543,-0.333389459590195
1544,-0.795595836396233
1545,0.22125819257705
1546,0.313699467938259
1547,0.128816917215845
1548,-1.07291966247986
1549,0.128816917215845
1550,0.683464569383089
1551,0.313699467938259
1552,0.406140743299465
1553,-0.795595836396233
1554,-2.36709751753676
1555,0.22125819257705
1556,1.42299477227275
1557,0.0363756418546358
1558,1.23811222155034
1559,0.591023294021883
1560,-0.51827201031261
1561,0.313699467938259
1562,0.406140743299465
1563,0.0363756418546358
1564,-0.980478387118648
1565,-0.88803711175744
1566,1.79275987371758
1567,0.868347120105503
1568,-0.333389459590195
1569,-0.703154561035026
1570,-0.148506908867779
1571,-0.0560656335065715
1572,-0.610713285673817
1573,1.14567094618913
1574,-0.240948184228988
1575,0.0363756418546358
1576,-0.795595836396233
1577,-0.795595836396233
1578,1.05322967082792
1579,1.23811222155034
1580,-0.148506908867779
1581,-0.610713285673817
1582,0.128816917215845
1583,-0.0560656335065715
1584,-0.333389459590195
1585,1.79275987371758
1586,-0.88803711175744
1587,2.34740752588483
1588,1.14567094618913
1589,-1.81244986536952
1590,1.05322967082792
1591,0.775905844744297
1592,-0.425830734951402
1593,-0.610713285673817
1594,0.128816917215845
1595,0.128816917215845
1596,1.23811222155034
1597,-0.703154561035026
1598,2.43984880124604
1599,0.0363756418546358
1600,0.683464569383089
1601,0.406140743299465
1602,0.498582018660674
1603,-0.240948184228988
1604,-1.07291966247986
1605,-1.16536093784106
1606,1.79275987371758
1607,0.22125819257705
1608,-0.88803711175744
1609,0.128816917215845
1610,0.498582018660674
1611,-0.610713285673817
1612,0.960788395466712
1613,-0.240948184228988
1614,-1.35024348856348
1615,-0.980478387118648
1616,-1.99733241609193
1617,-1.6275673146471
1618,-0.703154561035026
1619,-0.88803711175744
1620,0.0363756418546358
1621,1.79275987371758
1622,-0.0560656335065715
1623,-0.425830734951402
1624,0.406140743299465
1625,0.406140743299465
1626,0.960788395466712
1627,-0.0560656335065715
1628,-0.240948184228988
1629,-0.51827201031261
1630,-0.240948184228988
1631,0.775905844744297
1632,-1.6275673146471
1633,-1.07291966247986
1634,-0.148506908867779
1635,-0.333389459590195
1636,0.406140743299465
1637,-1.35024348856348
1638,-0.795595836396233
1639,-0.703154561035026
1640,1.14567094618913
1641,0.22125819257705
1642,-0.88803711175744
1643,1.42299477227275
1644,0.868347120105503
1645,0.128816917215845
1646,0.683464569383089
1647,0.313699467938259
1648,0.128816917215845
1649,-0.610713285673817
1650,0.313699467938259
1651,0.868347120105503
1652,0.0363756418546358
1653,0.498582018660674
1654,-1.25780221320227
1655,0.0363756418546358
1656,-0.980478387118648
1657,-0.425830734951402
1658,-1.6275673146471
1659,1.14567094618913
1660,-0.610713285673817
1661,0.406140743299465
1662,0.22125819257705
1663,1.05322967082792
1664,0.683464569383089
1665,0.960788395466712
1666,0.406140743299465
1667,-0.88803711175744
1668,0.406140743299465
1669,1.51543604763396
1670,-0.0560656335065715
1671,1.33055349691154
1672,-0.148506908867779
1673,0.128816917215845
1674,1.60787732299516
1675,-1.90489114073072
1676,0.960788395466712
1677,0.498582018660674
1678,-0.0560656335065715
1679,0.775905844744297
1680,0.0363756418546358
1681,0.775905844744297
1682,-0.240948184228988
1683,-0.703154561035026
1684,1.42299477227275
1685,0.868347120105503
1686,-0.240948184228988
1687,-0.425830734951402
1688,0.22125819257705
1689,0.313699467938259
1690,1.60787732299516
1691,-0.795595836396233
1692,-0.703154561035026
1693,-0.0560656335065715
1694,-0.703154561035026
1695,0.0363756418546358
1696,-1.6275673146471
1697,-1.16536093784106
1698,-0.980478387118648
1699,0.683464569383089
1700,1.51543604763396
1701,-0.88803711175744
1702,0.22125819257705
1703,-0.610713285673817
1704,0.775905844744297
1705,-0.703154561035026
1706,0.22125819257705
1707,0.0363756418546358
1708,-0.51827201031261
1709,0.960788395466712
1710,-0.240948184228988
1711,0.313699467938259
1712,0.591023294021883
1713,-0.148506908867779
1714,2.53229007660724
1715,0.22125819257705
1716,1.70031859835637
1717,-1.07291966247986
1718,-0.333389459590195
1719,0.313699467938259
1720,-0.148506908867779
1721,-2.73686261898159
1722,-0.333389459590195
1723,-0.0560656335065715
1724,-0.0560656335065715
1725,0.406140743299465
1726,-0.610713285673817
1727,1.60787732299516
1728,-1.16536093784106
1729,0.0363756418546358
1730,0.0363756418546358
1731,0.775905844744297
1732,-0.51827201031261
1733,1.51543604763396
1734,-1.07291966247986
1735,-0.703154561035026
1736,0.775905844744297
1737,1.14567094618913
1738,-0.703154561035026
1739,-0.425830734951402
1740,-1.90489114073072
1741,-0.610713285673817
1742,-0.980478387118648
1743,-0.51827201031261
1744,1.88520114907879
1745,0.498582018660674
1746,0.0363756418546358
1747,-0.610713285673817
1748,0.406140743299465
1749,-0.51827201031261
1750,-0.148506908867779
1751,-0.425830734951402
1752,-0.610713285673817
1753,-0.703154561035026
1754,1.51543604763396
1755,0.591023294021883
1756,-1.25780221320227
1757,0.498582018660674
1758,0.313699467938259
1759,0.0363756418546358
1760,2.25496625052362
1761,-0.88803711175744
1762,3.45670283021932
1763,-0.333389459590195
1764,0.868347120105503
1765,1.70031859835637
1766,-1.16536093784106
1767,-0.88803711175744
1768,-0.88803711175744
1769,1.88520114907879
1770,-0.795595836396233
1771,-0.703154561035026
1772,2.53229007660724
1773,1.05322967082792
1774,0.406140743299465
1775,-0.240948184228988
1776,-1.07291966247986
1777,0.960788395466712
1778,0.0363756418546358
1779,-0.425830734951402
1780,-0.610713285673817
1781,-0.795595836396233
1782,-1.25780221320227
1783,-0.610713285673817
1784,-0.795595836396233
1785,-1.81244986536952
1786,-1.72000859000831
1787,-1.16536093784106
1788,1.97764242444
1789,0.22125819257705
1790,-0.795595836396233
1791,-0.0560656335065715
1792,-0.980478387118648
1793,0.22125819257705
1794,-1.16536093784106
1795,-0.703154561035026
1796,-0.0560656335065715
1797,-0.425830734951402
1798,-0.88803711175744
1799,-0.0560656335065715
1800,-0.0560656335065715
1801,-3.66127537259367
1802,-0.51827201031261
1803,-0.240948184228988
1804,-1.53512603928589
1805,-1.25780221320227
1806,-0.88803711175744
1807,-1.25780221320227
1808,-1.25780221320227
1809,-0.795595836396233
1810,-1.72000859000831
1811,0.0363756418546358
1812,-0.88803711175744
1813,-1.53512603928589
1814,1.60787732299516
1815,-1.35024348856348
1816,-0.88803711175744
1817,2.34740752588483
1818,-1.07291966247986
1819,-0.610713285673817
1820,-0.980478387118648
1821,-1.35024348856348
1822,-1.35024348856348
1823,-0.0560656335065715
1824,-1.07291966247986
1825,1.79275987371758
1826,0.591023294021883
1827,-0.980478387118648
1828,-1.16536093784106
1829,0.22125819257705
1830,-0.795595836396233
1831,-0.980478387118648
1832,-0.795595836396233
1833,-0.88803711175744
1834,-1.44268476392469
1835,-0.148506908867779
1836,-0.88803711175744
1837,-0.795595836396233
1838,0.406140743299465
1839,-0.980478387118648
1840,0.22125819257705
1841,-0.795595836396233
1842,0.498582018660674
1843,-1.6275673146471
1844,-0.240948184228988
1845,-1.35024348856348
1846,-0.610713285673817
1847,0.498582018660674
1848,-0.980478387118648
1849,0.22125819257705
1850,-0.333389459590195
1851,-0.51827201031261
1852,-0.610713285673817
1853,-0.0560656335065715
1854,0.498582018660674
1855,0.22125819257705
1856,-1.53512603928589
1857,-0.610713285673817
1858,0.775905844744297
1859,-0.333389459590195
1860,-1.16536093784106
1861,0.128816917215845
1862,-1.72000859000831
1863,0.498582018660674
1864,-2.18221496681435
1865,-0.0560656335065715
1866,-1.72000859000831
1867,-1.25780221320227
1868,-0.703154561035026
1869,-0.610713285673817
1870,-0.703154561035026
1871,-0.148506908867779
1872,-1.07291966247986
1873,-1.25780221320227
1874,-0.148506908867779
1875,-1.90489114073072
1876,-1.53512603928589
1877,-1.6275673146471
1878,-1.44268476392469
1879,-1.07291966247986
1880,-1.81244986536952
1881,-1.53512603928589
1882,-1.07291966247986
1883,-1.16536093784106
1884,-1.35024348856348
1885,-0.51827201031261
1886,-1.25780221320227
1887,-0.148506908867779
1888,-0.980478387118648
1889,0.313699467938259
1890,-1.25780221320227
1891,-1.44268476392469
1892,-0.795595836396233
1893,-0.795595836396233
1894,-0.0560656335065715
1895,1.23811222155034
1896,0.960788395466712
1897,-0.425830734951402
1898,-0.148506908867779
1899,-0.0560656335065715
1900,0.683464569383089
1901,-0.148506908867779
1902,-0.0560656335065715
1903,-1.6275673146471
1904,-1.07291966247986
1905,1.79275987371758
1906,-1.16536093784106
1907,-0.333389459590195
1908,0.128816917215845
1909,0.22125819257705
1910,-0.148506908867779
1911,0.0363756418546358
1912,2.25496625052362
1913,1.42299477227275
1914,-0.703154561035026
1915,0.313699467938259
1916,0.313699467938259
1917,-1.07291966247986
1918,1.14567094618913
1919,-1.35024348856348
1920,-0.0560656335065715
1921,0.868347120105503
1922,0.313699467938259
1923,-1.07291966247986
1924,1.88520114907879
1925,-0.88803711175744
1926,0.128816917215845
1927,0.313699467938259
1928,0.0363756418546358
1929,-1.07291966247986
1930,-0.240948184228988
1931,-0.0560656335065715
1932,1.14567094618913
1933,1.70031859835637
1934,0.22125819257705
1935,-0.148506908867779
1936,0.591023294021883
1937,-0.51827201031261
1938,-0.795595836396233
1939,0.498582018660674
1940,-1.25780221320227
1941,0.128816917215845
1942,0.868347120105503
1943,-1.72000859000831
1944,-0.610713285673817
1945,0.498582018660674
1946,0.498582018660674
1947,1.60787732299516
1948,0.683464569383089
1949,0.0363756418546358
1950,1.70031859835637
1951,-1.72000859000831
1952,-0.610713285673817
1953,0.0363756418546358
1954,-0.333389459590195
1955,-1.16536093784106
1956,-1.44268476392469
1957,-0.980478387118648
1958,-1.53512603928589
1959,-1.6275673146471
1960,-1.53512603928589
1961,-0.425830734951402
1962,0.128816917215845
1963,-0.425830734951402
1964,-2.08977369145314
1965,-1.07291966247986
1966,1.42299477227275
1967,-0.703154561035026
1968,0.498582018660674
1969,1.23811222155034
1970,1.33055349691154
1971,-1.6275673146471
1972,2.80961390269086
1973,0.868347120105503
1974,-0.425830734951402
1975,0.960788395466712
1976,0.22125819257705
1977,0.128816917215845
1978,-1.53512603928589
1979,-1.44268476392469
1980,-1.72000859000831
1981,-0.610713285673817
1982,-1.07291966247986
1983,-0.703154561035026
1984,-0.610713285673817
1985,-1.25780221320227
1986,-0.51827201031261
1987,-0.240948184228988
1988,-0.0560656335065715
1989,-0.980478387118648
1990,0.868347120105503
1991,-0.0560656335065715
1992,1.23811222155034
1993,0.498582018660674
1994,-0.333389459590195
1995,0.128816917215845
1996,-1.07291966247986
1997,-0.425830734951402
1998,-1.81244986536952
1999,-1.72000859000831
